Symbol  ,Date  ,Expiry  ,Option type  ,Strike Price  ,Open  ,High  ,Low  ,Close  ,LTP  ,Settle Price  ,No. of contracts  ,Turnover * in  ₹ Lakhs,Premium Turnover ** in   ₹ Lakhs,Open Int  ,Change in OI  ,Underlying Value  
ABCAPITAL,01-Apr-2024,25-Apr-2024,CE,145.00,38.00,38.00,38.00,38.00,38.00,37.65,1.00,9.88,2.05,5400.00,5400.00,181.85
ABCAPITAL,01-Apr-2024,25-Apr-2024,CE,147.50,-,-,-,38.50,-,35.20,-,-,-,-,-,181.85
ABCAPITAL,01-Apr-2024,25-Apr-2024,CE,150.00,-,-,-,28.00,28.00,32.75,-,-,-,5400.00,-,181.85
ABCAPITAL,01-Apr-2024,25-Apr-2024,CE,152.50,-,-,-,34.05,-,30.35,-,-,-,-,-,181.85
ABCAPITAL,01-Apr-2024,25-Apr-2024,CE,155.00,-,-,-,19.75,-,28.00,-,-,-,-,-,181.85
ABCAPITAL,01-Apr-2024,25-Apr-2024,CE,157.50,-,-,-,29.75,-,25.70,-,-,-,-,-,181.85
ABCAPITAL,01-Apr-2024,25-Apr-2024,CE,160.00,20.00,20.00,19.00,20.00,20.00,23.40,3.00,29.11,3.19,10800.00,-5400.00,181.85
ABCAPITAL,01-Apr-2024,25-Apr-2024,CE,162.50,21.00,21.00,21.00,21.00,21.00,21.25,1.00,9.91,1.13,5400.00,-,181.85
ABCAPITAL,01-Apr-2024,25-Apr-2024,CE,165.00,-,-,-,15.05,15.05,19.10,-,-,-,27000.00,-,181.85
ABCAPITAL,01-Apr-2024,25-Apr-2024,CE,167.50,12.60,16.00,12.60,16.00,16.00,16.00,2.00,19.63,1.54,10800.00,5400.00,181.85
ABCAPITAL,01-Apr-2024,25-Apr-2024,CE,170.00,11.00,15.00,10.90,14.65,15.00,14.65,52.00,514.42,37.06,496800.00,-70200.00,181.85
ABCAPITAL,01-Apr-2024,25-Apr-2024,CE,172.50,9.05,12.00,8.95,12.00,12.00,13.40,3.00,29.57,1.62,37800.00,-,181.85
ABCAPITAL,01-Apr-2024,25-Apr-2024,CE,175.00,7.25,10.60,7.10,10.40,10.60,10.40,320.00,3167.43,143.43,669600.00,-270000.00,181.85
ABCAPITAL,01-Apr-2024,25-Apr-2024,CE,177.50,5.95,8.85,5.55,8.80,8.85,8.80,49.00,488.54,18.87,118800.00,-5400.00,181.85
ABCAPITAL,01-Apr-2024,25-Apr-2024,CE,180.00,4.45,7.55,4.40,7.20,7.40,7.20,1610.00,16176.30,527.10,2845800.00,124200.00,181.85
ABCAPITAL,01-Apr-2024,25-Apr-2024,CE,182.50,3.75,6.10,3.45,5.80,6.10,5.80,167.00,1692.93,47.14,248400.00,172800.00,181.85
ABCAPITAL,01-Apr-2024,25-Apr-2024,CE,185.00,2.95,5.05,2.65,4.75,5.05,4.75,1061.00,10818.40,219.01,1128600.00,124200.00,181.85
ABCAPITAL,01-Apr-2024,25-Apr-2024,CE,187.50,2.50,3.95,2.10,3.90,3.95,3.90,47.00,484.20,8.33,145800.00,32400.00,181.85
ABCAPITAL,01-Apr-2024,25-Apr-2024,CE,190.00,1.90,3.30,1.70,3.10,3.30,3.10,1046.00,10875.33,143.37,2257200.00,934200.00,181.85
ABCAPITAL,01-Apr-2024,25-Apr-2024,CE,192.50,1.65,2.45,1.40,2.40,2.45,2.40,20.00,210.11,2.21,86400.00,75600.00,181.85
ABCAPITAL,01-Apr-2024,25-Apr-2024,CE,195.00,1.20,2.10,1.05,2.00,2.10,2.00,265.00,2815.69,25.24,518400.00,302400.00,181.85
ABCAPITAL,01-Apr-2024,25-Apr-2024,CE,197.50,-,-,-,6.60,-,2.50,-,-,-,-,-,181.85
ABCAPITAL,01-Apr-2024,25-Apr-2024,CE,200.00,0.95,1.40,0.70,1.35,1.40,1.35,950.00,10315.30,55.30,2748600.00,745200.00,181.85
ABCAPITAL,01-Apr-2024,25-Apr-2024,CE,202.50,-,-,-,5.15,-,1.60,-,-,-,-,-,181.85
ABCAPITAL,01-Apr-2024,25-Apr-2024,CE,205.00,0.50,0.95,0.45,0.90,0.90,0.90,73.00,810.87,2.76,221400.00,140400.00,181.85
ABCAPITAL,01-Apr-2024,25-Apr-2024,CE,207.50,-,-,-,4.00,-,1.00,-,-,-,-,-,181.85
ABCAPITAL,01-Apr-2024,25-Apr-2024,CE,210.00,0.45,0.55,0.30,0.55,0.55,0.55,317.00,3601.86,7.08,1285200.00,594000.00,181.85
ABCAPITAL,01-Apr-2024,25-Apr-2024,CE,212.50,-,-,-,3.10,-,0.65,-,-,-,-,-,181.85
ABCAPITAL,01-Apr-2024,25-Apr-2024,CE,215.00,0.35,0.40,0.35,0.40,0.40,0.50,28.00,325.68,0.60,129600.00,129600.00,181.85
ABCAPITAL,02-Apr-2024,25-Apr-2024,CE,145.00,-,-,-,38.00,38.00,56.75,-,-,-,5400.00,-,201.05
ABCAPITAL,02-Apr-2024,25-Apr-2024,CE,150.00,-,-,-,28.00,28.00,51.75,-,-,-,5400.00,-,201.05
ABCAPITAL,02-Apr-2024,25-Apr-2024,CE,155.00,-,-,-,19.75,-,46.80,-,-,-,-,-,201.05
ABCAPITAL,02-Apr-2024,25-Apr-2024,CE,160.00,36.00,40.00,36.00,40.00,40.00,41.90,3.00,32.04,6.12,5400.00,-5400.00,201.05
ABCAPITAL,02-Apr-2024,25-Apr-2024,CE,162.50,-,-,-,21.00,21.00,39.45,-,-,-,5400.00,-,201.05
ABCAPITAL,02-Apr-2024,25-Apr-2024,CE,165.00,32.60,34.80,32.60,34.80,34.80,37.00,3.00,32.21,5.48,21600.00,-5400.00,201.05
ABCAPITAL,02-Apr-2024,25-Apr-2024,CE,167.50,22.55,22.55,22.55,22.55,22.55,34.60,1.00,10.26,1.22,5400.00,-5400.00,201.05
ABCAPITAL,02-Apr-2024,25-Apr-2024,CE,170.00,18.85,32.20,18.30,32.15,32.20,32.15,154.00,1605.13,191.41,237600.00,-259200.00,201.05
ABCAPITAL,02-Apr-2024,25-Apr-2024,CE,172.50,16.70,18.90,16.70,18.90,18.90,29.90,2.00,20.55,1.92,37800.00,-,201.05
ABCAPITAL,02-Apr-2024,25-Apr-2024,CE,175.00,14.50,28.10,13.85,27.85,27.80,27.85,162.00,1706.75,175.85,383400.00,-286200.00,201.05
ABCAPITAL,02-Apr-2024,25-Apr-2024,CE,177.50,11.05,24.95,11.05,24.95,24.95,24.95,26.00,274.32,25.11,59400.00,-59400.00,201.05
ABCAPITAL,02-Apr-2024,25-Apr-2024,CE,180.00,8.20,23.55,8.20,23.00,23.15,23.00,1316.00,13834.41,1042.89,1387800.00,-1458000.00,201.05
ABCAPITAL,02-Apr-2024,25-Apr-2024,CE,182.50,9.50,20.05,8.50,20.05,20.05,20.05,144.00,1511.73,92.61,135000.00,-113400.00,201.05
ABCAPITAL,02-Apr-2024,25-Apr-2024,CE,185.00,6.50,18.90,6.50,18.60,18.65,18.60,1187.00,12539.48,681.35,766800.00,-361800.00,201.05
ABCAPITAL,02-Apr-2024,25-Apr-2024,CE,187.50,6.15,17.00,6.05,16.60,16.60,16.60,534.00,5689.45,282.70,124200.00,-21600.00,201.05
ABCAPITAL,02-Apr-2024,25-Apr-2024,CE,190.00,4.90,15.45,4.75,15.00,14.95,15.00,4992.00,53584.42,2366.50,1333800.00,-923400.00,201.05
ABCAPITAL,02-Apr-2024,25-Apr-2024,CE,192.50,3.90,13.55,3.90,13.30,12.95,13.30,527.00,5712.02,233.86,264600.00,178200.00,201.05
ABCAPITAL,02-Apr-2024,25-Apr-2024,CE,195.00,3.00,12.00,3.00,11.60,11.50,11.60,3905.00,42845.53,1725.88,1031400.00,513000.00,201.05
ABCAPITAL,02-Apr-2024,25-Apr-2024,CE,197.50,3.10,10.50,2.85,10.15,10.15,10.15,469.00,5205.73,203.85,172800.00,172800.00,201.05
ABCAPITAL,02-Apr-2024,25-Apr-2024,CE,200.00,2.05,9.20,2.05,8.70,8.70,8.70,11743.00,131067.20,4242.80,4503600.00,1755000.00,201.05
ABCAPITAL,02-Apr-2024,25-Apr-2024,CE,202.50,3.45,7.85,3.35,7.50,7.40,7.50,198.00,2235.88,70.75,199800.00,199800.00,201.05
ABCAPITAL,02-Apr-2024,25-Apr-2024,CE,205.00,1.85,7.00,1.55,6.50,6.40,6.50,2731.00,30987.68,755.51,1377000.00,1155600.00,201.05
ABCAPITAL,02-Apr-2024,25-Apr-2024,CE,207.50,2.35,5.80,2.35,5.50,5.40,5.50,72.00,824.54,17.78,108000.00,108000.00,201.05
ABCAPITAL,02-Apr-2024,25-Apr-2024,CE,210.00,1.00,5.15,0.95,4.65,4.55,4.65,6197.00,71490.27,1216.29,4028400.00,2743200.00,201.05
ABCAPITAL,02-Apr-2024,25-Apr-2024,CE,212.50,1.70,4.30,1.70,3.90,3.80,3.90,87.00,1014.71,16.39,162000.00,162000.00,201.05
ABCAPITAL,02-Apr-2024,25-Apr-2024,CE,215.00,0.60,3.80,0.60,3.40,3.25,3.40,3749.00,44085.24,559.35,2516400.00,2386800.00,201.05
ABCAPITAL,02-Apr-2024,25-Apr-2024,CE,217.50,1.50,3.10,1.50,2.80,2.80,2.80,607.00,7206.56,77.34,1166400.00,1166400.00,201.05
ABCAPITAL,02-Apr-2024,25-Apr-2024,CE,220.00,2.55,2.70,2.25,2.45,2.30,2.45,78.00,937.02,10.38,216000.00,216000.00,201.05
ABCAPITAL,02-Apr-2024,25-Apr-2024,CE,222.50,-,-,-,1.75,-,2.15,-,-,-,-,-,201.05
ABCAPITAL,02-Apr-2024,25-Apr-2024,CE,225.00,1.75,1.95,1.65,1.80,1.70,1.80,200.00,2449.26,19.26,766800.00,766800.00,201.05
ABCAPITAL,02-Apr-2024,25-Apr-2024,CE,227.50,1.50,1.60,1.35,1.50,1.40,1.50,78.00,964.50,6.27,356400.00,356400.00,201.05
ABCAPITAL,03-Apr-2024,25-Apr-2024,CE,145.00,-,-,-,38.00,38.00,59.85,-,-,-,5400.00,-,204.20
ABCAPITAL,03-Apr-2024,25-Apr-2024,CE,150.00,-,-,-,28.00,28.00,54.85,-,-,-,5400.00,-,204.20
ABCAPITAL,03-Apr-2024,25-Apr-2024,CE,155.00,-,-,-,19.75,-,49.90,-,-,-,-,-,204.20
ABCAPITAL,03-Apr-2024,25-Apr-2024,CE,160.00,-,-,-,40.00,40.00,44.95,-,-,-,5400.00,-,204.20
ABCAPITAL,03-Apr-2024,25-Apr-2024,CE,162.50,-,-,-,21.00,21.00,42.50,-,-,-,5400.00,-,204.20
ABCAPITAL,03-Apr-2024,25-Apr-2024,CE,165.00,-,-,-,34.80,34.80,40.05,-,-,-,21600.00,-,204.20
ABCAPITAL,03-Apr-2024,25-Apr-2024,CE,167.50,-,-,-,22.55,22.55,37.60,-,-,-,5400.00,-,204.20
ABCAPITAL,03-Apr-2024,25-Apr-2024,CE,170.00,32.20,37.80,32.20,36.50,36.50,35.20,13.00,143.92,24.58,226800.00,-10800.00,204.20
ABCAPITAL,03-Apr-2024,25-Apr-2024,CE,172.50,-,-,-,18.90,18.90,32.85,-,-,-,37800.00,-,204.20
ABCAPITAL,03-Apr-2024,25-Apr-2024,CE,175.00,27.40,33.00,26.75,33.00,33.00,30.50,16.00,177.26,26.06,345600.00,-37800.00,204.20
ABCAPITAL,03-Apr-2024,25-Apr-2024,CE,177.50,24.70,29.25,24.70,29.25,29.25,28.20,3.00,33.08,4.32,64800.00,5400.00,204.20
ABCAPITAL,03-Apr-2024,25-Apr-2024,CE,180.00,22.00,27.80,21.70,26.05,25.80,26.05,54.00,596.41,71.53,1333800.00,-54000.00,204.20
ABCAPITAL,03-Apr-2024,25-Apr-2024,CE,182.50,21.05,23.40,21.05,23.40,23.40,23.75,7.00,77.44,8.45,129600.00,-5400.00,204.20
ABCAPITAL,03-Apr-2024,25-Apr-2024,CE,185.00,19.25,23.05,17.75,22.00,22.00,22.00,38.00,421.77,42.15,718200.00,-48600.00,204.20
ABCAPITAL,03-Apr-2024,25-Apr-2024,CE,187.50,17.10,20.85,16.90,19.95,19.95,19.65,13.00,144.41,12.79,102600.00,-21600.00,204.20
ABCAPITAL,03-Apr-2024,25-Apr-2024,CE,190.00,14.95,19.60,13.75,17.40,17.50,17.40,342.00,3812.32,303.40,1296000.00,-37800.00,204.20
ABCAPITAL,03-Apr-2024,25-Apr-2024,CE,192.50,12.55,17.40,12.55,15.90,15.90,15.90,42.00,471.07,34.48,280800.00,16200.00,204.20
ABCAPITAL,03-Apr-2024,25-Apr-2024,CE,195.00,11.20,15.45,10.35,13.60,13.75,13.60,155.00,1740.04,107.89,869400.00,-162000.00,204.20
ABCAPITAL,03-Apr-2024,25-Apr-2024,CE,197.50,9.85,13.60,9.10,11.95,12.10,11.95,146.00,1645.34,88.25,199800.00,27000.00,204.20
ABCAPITAL,03-Apr-2024,25-Apr-2024,CE,200.00,8.05,12.10,7.55,10.30,10.40,10.30,3588.00,40663.30,1912.90,4033800.00,-469800.00,204.20
ABCAPITAL,03-Apr-2024,25-Apr-2024,CE,202.50,7.40,10.70,6.50,8.90,8.80,8.90,462.00,5261.43,209.46,140400.00,-59400.00,204.20
ABCAPITAL,03-Apr-2024,25-Apr-2024,CE,205.00,6.40,9.25,5.45,7.60,7.65,7.60,1789.00,20517.78,713.55,1198800.00,-178200.00,204.20
ABCAPITAL,03-Apr-2024,25-Apr-2024,CE,207.50,5.40,7.95,4.80,6.50,6.55,6.50,1082.00,12496.03,372.22,513000.00,405000.00,204.20
ABCAPITAL,03-Apr-2024,25-Apr-2024,CE,210.00,4.05,6.90,3.75,5.45,5.45,5.45,4225.00,49165.48,1253.98,3769200.00,-259200.00,204.20
ABCAPITAL,03-Apr-2024,25-Apr-2024,CE,212.50,3.85,5.95,3.30,4.60,4.60,4.60,157.00,1841.97,40.39,151200.00,-10800.00,204.20
ABCAPITAL,03-Apr-2024,25-Apr-2024,CE,215.00,3.10,5.15,2.65,3.80,3.80,3.80,1539.00,18200.04,332.25,2095200.00,-421200.00,204.20
ABCAPITAL,03-Apr-2024,25-Apr-2024,CE,217.50,2.80,4.30,2.25,3.10,3.15,3.10,260.00,3100.86,47.16,912600.00,-253800.00,204.20
ABCAPITAL,03-Apr-2024,25-Apr-2024,CE,220.00,2.45,3.80,1.85,2.55,2.50,2.55,1735.00,20885.47,273.67,1328400.00,1112400.00,204.20
ABCAPITAL,03-Apr-2024,25-Apr-2024,CE,222.50,3.00,3.25,1.60,2.05,2.15,2.05,77.00,934.96,9.81,75600.00,75600.00,204.20
ABCAPITAL,03-Apr-2024,25-Apr-2024,CE,225.00,1.70,2.90,1.25,1.75,1.75,1.75,847.00,10389.87,98.82,1182600.00,415800.00,204.20
ABCAPITAL,03-Apr-2024,25-Apr-2024,CE,227.50,1.55,2.45,1.10,1.45,1.45,1.45,403.00,4991.45,40.59,885600.00,529200.00,204.20
ABCAPITAL,04-Apr-2024,25-Apr-2024,CE,145.00,61.00,61.00,61.00,61.00,61.00,61.15,1.00,11.12,3.29,-,-5400.00,205.55
ABCAPITAL,04-Apr-2024,25-Apr-2024,CE,150.00,-,-,-,28.00,28.00,56.20,-,-,-,5400.00,-,205.55
ABCAPITAL,04-Apr-2024,25-Apr-2024,CE,155.00,-,-,-,19.75,-,51.20,-,-,-,-,-,205.55
ABCAPITAL,04-Apr-2024,25-Apr-2024,CE,160.00,-,-,-,40.00,40.00,46.25,-,-,-,5400.00,-,205.55
ABCAPITAL,04-Apr-2024,25-Apr-2024,CE,162.50,-,-,-,21.00,21.00,43.80,-,-,-,5400.00,-,205.55
ABCAPITAL,04-Apr-2024,25-Apr-2024,CE,165.00,-,-,-,34.80,34.80,41.35,-,-,-,21600.00,-,205.55
ABCAPITAL,04-Apr-2024,25-Apr-2024,CE,167.50,-,-,-,22.55,22.55,38.90,-,-,-,5400.00,-,205.55
ABCAPITAL,04-Apr-2024,25-Apr-2024,CE,170.00,37.50,38.85,35.70,35.70,35.70,36.45,5.00,55.94,10.04,226800.00,-,205.55
ABCAPITAL,04-Apr-2024,25-Apr-2024,CE,172.50,-,-,-,18.90,18.90,34.05,-,-,-,37800.00,-,205.55
ABCAPITAL,04-Apr-2024,25-Apr-2024,CE,175.00,34.25,34.25,31.15,31.15,31.15,31.70,4.00,44.98,7.18,324000.00,-21600.00,205.55
ABCAPITAL,04-Apr-2024,25-Apr-2024,CE,177.50,-,-,-,29.25,29.25,29.35,-,-,-,64800.00,-,205.55
ABCAPITAL,04-Apr-2024,25-Apr-2024,CE,180.00,26.20,29.50,26.20,26.75,26.70,26.75,26.00,292.12,39.40,1312200.00,-21600.00,205.55
ABCAPITAL,04-Apr-2024,25-Apr-2024,CE,182.50,-,-,-,23.40,23.40,24.85,-,-,-,129600.00,-,205.55
ABCAPITAL,04-Apr-2024,25-Apr-2024,CE,185.00,24.00,24.00,20.90,20.90,20.90,22.70,3.00,33.67,3.70,707400.00,-10800.00,205.55
ABCAPITAL,04-Apr-2024,25-Apr-2024,CE,187.50,20.95,20.95,19.00,19.00,19.00,20.60,3.00,33.60,3.23,86400.00,-16200.00,205.55
ABCAPITAL,04-Apr-2024,25-Apr-2024,CE,190.00,19.70,19.70,16.65,18.00,18.20,18.00,95.00,1065.02,90.32,1069200.00,-226800.00,205.55
ABCAPITAL,04-Apr-2024,25-Apr-2024,CE,192.50,-,-,-,15.90,15.90,16.70,-,-,-,280800.00,-,205.55
ABCAPITAL,04-Apr-2024,25-Apr-2024,CE,195.00,15.00,15.20,12.60,14.00,14.00,14.00,49.00,552.57,36.60,723600.00,-145800.00,205.55
ABCAPITAL,04-Apr-2024,25-Apr-2024,CE,197.50,12.80,13.50,12.80,12.80,12.80,13.25,4.00,45.46,2.80,205200.00,5400.00,205.55
ABCAPITAL,04-Apr-2024,25-Apr-2024,CE,200.00,10.30,12.80,9.15,10.65,10.75,10.65,960.00,10938.94,570.94,3272400.00,-761400.00,205.55
ABCAPITAL,04-Apr-2024,25-Apr-2024,CE,202.50,9.50,11.15,7.90,9.05,9.05,9.05,127.00,1453.70,64.96,135000.00,-5400.00,205.55
ABCAPITAL,04-Apr-2024,25-Apr-2024,CE,205.00,8.85,9.70,6.55,7.75,7.85,7.75,830.00,9543.00,354.90,1485000.00,286200.00,205.55
ABCAPITAL,04-Apr-2024,25-Apr-2024,CE,207.50,7.05,8.35,5.55,6.60,6.70,6.60,341.00,3951.63,130.73,588600.00,75600.00,205.55
ABCAPITAL,04-Apr-2024,25-Apr-2024,CE,210.00,5.55,7.10,4.60,5.45,5.55,5.45,1795.00,20928.52,573.22,3164400.00,-604800.00,205.55
ABCAPITAL,04-Apr-2024,25-Apr-2024,CE,212.50,4.95,6.10,4.00,5.00,5.00,5.65,93.00,1093.38,26.20,205200.00,54000.00,205.55
ABCAPITAL,04-Apr-2024,25-Apr-2024,CE,215.00,4.20,5.15,3.25,3.90,4.00,3.90,706.00,8358.43,161.77,2111400.00,16200.00,205.55
ABCAPITAL,04-Apr-2024,25-Apr-2024,CE,217.50,3.40,4.10,2.70,3.20,3.25,3.20,86.00,1026.40,16.33,874800.00,-37800.00,205.55
ABCAPITAL,04-Apr-2024,25-Apr-2024,CE,220.00,2.60,3.60,2.10,2.75,2.80,2.75,954.00,11482.45,148.93,2305800.00,977400.00,205.55
ABCAPITAL,04-Apr-2024,25-Apr-2024,CE,222.50,2.65,2.85,1.90,2.25,2.30,2.25,23.00,279.27,2.92,70200.00,-5400.00,205.55
ABCAPITAL,04-Apr-2024,25-Apr-2024,CE,225.00,2.00,2.50,1.50,1.85,1.95,1.85,382.00,4682.07,40.77,1382400.00,199800.00,205.55
ABCAPITAL,04-Apr-2024,25-Apr-2024,CE,227.50,1.50,2.05,1.25,1.65,1.65,1.90,101.00,1249.66,8.87,761400.00,-124200.00,205.55
ABCAPITAL,04-Apr-2024,25-Apr-2024,CE,230.00,1.50,1.70,1.00,1.25,1.25,1.25,187.00,2335.38,12.84,545400.00,545400.00,205.55
ABCAPITAL,05-Apr-2024,25-Apr-2024,CE,145.00,-,-,-,61.00,61.00,60.40,-,-,-,-,-,204.80
ABCAPITAL,05-Apr-2024,25-Apr-2024,CE,150.00,-,-,-,28.00,28.00,55.40,-,-,-,5400.00,-,204.80
ABCAPITAL,05-Apr-2024,25-Apr-2024,CE,155.00,-,-,-,19.75,-,50.45,-,-,-,-,-,204.80
ABCAPITAL,05-Apr-2024,25-Apr-2024,CE,160.00,-,-,-,40.00,40.00,45.45,-,-,-,5400.00,-,204.80
ABCAPITAL,05-Apr-2024,25-Apr-2024,CE,162.50,-,-,-,21.00,21.00,43.00,-,-,-,5400.00,-,204.80
ABCAPITAL,05-Apr-2024,25-Apr-2024,CE,165.00,-,-,-,34.80,34.80,40.55,-,-,-,21600.00,-,204.80
ABCAPITAL,05-Apr-2024,25-Apr-2024,CE,167.50,-,-,-,22.55,22.55,38.10,-,-,-,5400.00,-,204.80
ABCAPITAL,05-Apr-2024,25-Apr-2024,CE,170.00,35.00,35.00,35.00,35.00,35.00,35.65,1.00,11.07,1.89,221400.00,-5400.00,204.80
ABCAPITAL,05-Apr-2024,25-Apr-2024,CE,172.50,-,-,-,18.90,18.90,33.25,-,-,-,37800.00,-,204.80
ABCAPITAL,05-Apr-2024,25-Apr-2024,CE,175.00,29.10,29.10,28.10,28.30,28.30,30.90,4.00,43.99,6.19,324000.00,-,204.80
ABCAPITAL,05-Apr-2024,25-Apr-2024,CE,177.50,-,-,-,29.25,29.25,28.55,-,-,-,64800.00,-,204.80
ABCAPITAL,05-Apr-2024,25-Apr-2024,CE,180.00,24.00,26.00,23.85,25.25,25.25,26.25,22.00,243.70,29.86,1215000.00,-97200.00,204.80
ABCAPITAL,05-Apr-2024,25-Apr-2024,CE,182.50,-,-,-,23.40,23.40,24.05,-,-,-,129600.00,-,204.80
ABCAPITAL,05-Apr-2024,25-Apr-2024,CE,185.00,21.00,21.50,21.00,21.45,21.30,21.45,4.00,44.57,4.61,691200.00,-16200.00,204.80
ABCAPITAL,05-Apr-2024,25-Apr-2024,CE,187.50,19.80,19.80,19.80,19.80,19.80,19.80,1.00,11.19,1.07,86400.00,-,204.80
ABCAPITAL,05-Apr-2024,25-Apr-2024,CE,190.00,18.00,18.00,15.40,17.00,17.00,17.00,18.00,201.04,16.36,1053000.00,-16200.00,204.80
ABCAPITAL,05-Apr-2024,25-Apr-2024,CE,192.50,-,-,-,15.90,15.90,15.95,-,-,-,280800.00,-,204.80
ABCAPITAL,05-Apr-2024,25-Apr-2024,CE,195.00,13.00,13.15,10.80,13.15,13.15,14.15,11.00,122.85,7.02,734400.00,10800.00,204.80
ABCAPITAL,05-Apr-2024,25-Apr-2024,CE,197.50,10.90,11.50,9.95,11.35,11.40,11.35,10.00,112.58,5.93,178200.00,-27000.00,204.80
ABCAPITAL,05-Apr-2024,25-Apr-2024,CE,200.00,10.45,10.80,7.70,9.80,9.60,9.80,438.00,4949.04,218.64,3083400.00,-189000.00,204.80
ABCAPITAL,05-Apr-2024,25-Apr-2024,CE,202.50,8.25,8.80,6.60,8.25,8.25,8.25,39.00,442.65,16.18,145800.00,10800.00,204.80
ABCAPITAL,05-Apr-2024,25-Apr-2024,CE,205.00,7.00,8.10,5.30,6.95,7.00,6.95,349.00,3988.41,124.98,1458000.00,-27000.00,204.80
ABCAPITAL,05-Apr-2024,25-Apr-2024,CE,207.50,6.75,6.75,4.65,5.80,5.80,5.80,161.00,1853.23,49.22,594000.00,5400.00,204.80
ABCAPITAL,05-Apr-2024,25-Apr-2024,CE,210.00,5.45,5.60,3.65,4.85,4.85,4.85,593.00,6874.35,149.73,3240000.00,75600.00,204.80
ABCAPITAL,05-Apr-2024,25-Apr-2024,CE,212.50,4.80,4.80,3.60,4.05,4.05,4.05,21.00,245.79,4.82,183600.00,-21600.00,204.80
ABCAPITAL,05-Apr-2024,25-Apr-2024,CE,215.00,3.90,4.00,2.55,3.40,3.40,3.40,333.00,3926.02,59.89,2138400.00,27000.00,204.80
ABCAPITAL,05-Apr-2024,25-Apr-2024,CE,217.50,2.30,2.95,2.20,2.75,2.75,2.75,17.00,202.02,2.36,901800.00,27000.00,204.80
ABCAPITAL,05-Apr-2024,25-Apr-2024,CE,220.00,2.55,2.80,1.80,2.30,2.40,2.30,426.00,5112.73,51.85,2370600.00,64800.00,204.80
ABCAPITAL,05-Apr-2024,25-Apr-2024,CE,222.50,2.15,2.20,1.80,1.90,1.90,1.90,15.00,181.81,1.59,91800.00,21600.00,204.80
ABCAPITAL,05-Apr-2024,25-Apr-2024,CE,225.00,1.85,1.85,1.20,1.55,1.50,1.55,144.00,1761.14,11.54,1328400.00,-54000.00,204.80
ABCAPITAL,05-Apr-2024,25-Apr-2024,CE,227.50,1.40,1.40,1.00,1.30,1.30,1.30,38.00,469.37,2.54,718200.00,-43200.00,204.80
ABCAPITAL,05-Apr-2024,25-Apr-2024,CE,230.00,1.30,1.30,0.85,1.05,1.00,1.05,174.00,2171.03,9.95,820800.00,275400.00,204.80
ABCAPITAL,08-Apr-2024,25-Apr-2024,CE,145.00,-,-,-,61.00,61.00,58.65,-,-,-,-,-,203.15
ABCAPITAL,08-Apr-2024,25-Apr-2024,CE,150.00,-,-,-,28.00,28.00,53.65,-,-,-,5400.00,-,203.15
ABCAPITAL,08-Apr-2024,25-Apr-2024,CE,155.00,-,-,-,19.75,-,48.70,-,-,-,-,-,203.15
ABCAPITAL,08-Apr-2024,25-Apr-2024,CE,160.00,-,-,-,40.00,40.00,43.70,-,-,-,5400.00,-,203.15
ABCAPITAL,08-Apr-2024,25-Apr-2024,CE,162.50,-,-,-,21.00,21.00,41.25,-,-,-,5400.00,-,203.15
ABCAPITAL,08-Apr-2024,25-Apr-2024,CE,165.00,-,-,-,34.80,34.80,38.75,-,-,-,21600.00,-,203.15
ABCAPITAL,08-Apr-2024,25-Apr-2024,CE,167.50,-,-,-,22.55,22.55,36.30,-,-,-,5400.00,-,203.15
ABCAPITAL,08-Apr-2024,25-Apr-2024,CE,170.00,-,-,-,35.00,35.00,33.85,-,-,-,221400.00,-,203.15
ABCAPITAL,08-Apr-2024,25-Apr-2024,CE,172.50,-,-,-,18.90,18.90,31.45,-,-,-,37800.00,-,203.15
ABCAPITAL,08-Apr-2024,25-Apr-2024,CE,175.00,29.20,29.20,29.20,29.20,29.20,29.05,1.00,11.03,1.58,318600.00,-5400.00,203.15
ABCAPITAL,08-Apr-2024,25-Apr-2024,CE,177.50,-,-,-,29.25,29.25,26.70,-,-,-,64800.00,-,203.15
ABCAPITAL,08-Apr-2024,25-Apr-2024,CE,180.00,26.90,26.90,24.00,24.00,24.00,24.40,6.00,66.37,8.05,1198800.00,-16200.00,203.15
ABCAPITAL,08-Apr-2024,25-Apr-2024,CE,182.50,22.10,22.10,22.00,22.00,22.00,22.15,4.00,44.18,4.76,108000.00,-21600.00,203.15
ABCAPITAL,08-Apr-2024,25-Apr-2024,CE,185.00,22.00,22.00,20.05,20.05,20.05,20.00,3.00,33.43,3.46,685800.00,-5400.00,203.15
ABCAPITAL,08-Apr-2024,25-Apr-2024,CE,187.50,-,-,-,19.80,19.80,17.95,-,-,-,86400.00,-,203.15
ABCAPITAL,08-Apr-2024,25-Apr-2024,CE,190.00,16.55,17.30,15.25,15.35,15.25,15.35,47.00,523.55,41.33,955800.00,-97200.00,203.15
ABCAPITAL,08-Apr-2024,25-Apr-2024,CE,192.50,-,-,-,15.90,15.90,14.10,-,-,-,280800.00,-,203.15
ABCAPITAL,08-Apr-2024,25-Apr-2024,CE,195.00,13.10,13.10,11.50,11.75,11.75,11.75,9.00,100.50,5.73,739800.00,5400.00,203.15
ABCAPITAL,08-Apr-2024,25-Apr-2024,CE,197.50,9.70,10.05,9.55,9.60,9.65,9.60,7.00,78.33,3.67,151200.00,-27000.00,203.15
ABCAPITAL,08-Apr-2024,25-Apr-2024,CE,200.00,10.20,10.55,8.05,8.25,8.35,8.25,365.00,4124.03,182.03,2991600.00,-91800.00,203.15
ABCAPITAL,08-Apr-2024,25-Apr-2024,CE,202.50,6.80,6.80,6.80,6.80,6.80,6.80,2.00,22.60,0.73,145800.00,-,203.15
ABCAPITAL,08-Apr-2024,25-Apr-2024,CE,205.00,7.30,7.65,5.60,5.75,5.80,5.75,359.00,4101.39,127.26,1544400.00,86400.00,203.15
ABCAPITAL,08-Apr-2024,25-Apr-2024,CE,207.50,5.90,6.10,4.80,4.85,4.85,4.85,47.00,540.52,13.88,567000.00,-27000.00,203.15
ABCAPITAL,08-Apr-2024,25-Apr-2024,CE,210.00,5.00,5.35,3.85,3.95,4.00,3.95,674.00,7808.70,165.54,3423600.00,183600.00,203.15
ABCAPITAL,08-Apr-2024,25-Apr-2024,CE,212.50,4.40,4.40,3.35,3.55,3.55,3.90,22.00,257.09,4.64,221400.00,37800.00,203.15
ABCAPITAL,08-Apr-2024,25-Apr-2024,CE,215.00,3.55,3.75,2.65,2.70,2.70,2.70,243.00,2862.42,41.19,2116800.00,-21600.00,203.15
ABCAPITAL,08-Apr-2024,25-Apr-2024,CE,217.50,2.60,2.95,2.30,2.30,2.30,2.60,23.00,273.18,3.05,972000.00,70200.00,203.15
ABCAPITAL,08-Apr-2024,25-Apr-2024,CE,220.00,2.45,2.55,1.75,1.80,1.90,1.80,413.00,4953.14,46.70,2311200.00,-59400.00,203.15
ABCAPITAL,08-Apr-2024,25-Apr-2024,CE,222.50,-,-,-,1.90,1.90,1.65,-,-,-,91800.00,-,203.15
ABCAPITAL,08-Apr-2024,25-Apr-2024,CE,225.00,1.60,1.65,1.20,1.20,1.20,1.20,141.00,1723.30,10.15,1641600.00,313200.00,203.15
ABCAPITAL,08-Apr-2024,25-Apr-2024,CE,227.50,1.35,1.35,0.95,1.00,1.00,1.00,37.00,456.96,2.42,696600.00,-21600.00,203.15
ABCAPITAL,08-Apr-2024,25-Apr-2024,CE,230.00,1.25,1.25,0.80,0.85,0.80,0.85,157.00,1958.29,8.35,912600.00,91800.00,203.15
ABCAPITAL,09-Apr-2024,25-Apr-2024,CE,145.00,-,-,-,61.00,61.00,58.40,-,-,-,-,-,202.95
ABCAPITAL,09-Apr-2024,25-Apr-2024,CE,150.00,-,-,-,28.00,28.00,53.45,-,-,-,5400.00,-,202.95
ABCAPITAL,09-Apr-2024,25-Apr-2024,CE,155.00,-,-,-,19.75,-,48.45,-,-,-,-,-,202.95
ABCAPITAL,09-Apr-2024,25-Apr-2024,CE,160.00,-,-,-,40.00,40.00,43.50,-,-,-,5400.00,-,202.95
ABCAPITAL,09-Apr-2024,25-Apr-2024,CE,162.50,-,-,-,21.00,21.00,41.00,-,-,-,5400.00,-,202.95
ABCAPITAL,09-Apr-2024,25-Apr-2024,CE,165.00,-,-,-,34.80,34.80,38.50,-,-,-,21600.00,-,202.95
ABCAPITAL,09-Apr-2024,25-Apr-2024,CE,167.50,-,-,-,22.55,22.55,36.05,-,-,-,5400.00,-,202.95
ABCAPITAL,09-Apr-2024,25-Apr-2024,CE,170.00,-,-,-,35.00,35.00,33.60,-,-,-,221400.00,-,202.95
ABCAPITAL,09-Apr-2024,25-Apr-2024,CE,172.50,-,-,-,18.90,18.90,31.20,-,-,-,37800.00,-,202.95
ABCAPITAL,09-Apr-2024,25-Apr-2024,CE,175.00,-,-,-,29.20,29.20,28.80,-,-,-,318600.00,-,202.95
ABCAPITAL,09-Apr-2024,25-Apr-2024,CE,177.50,-,-,-,29.25,29.25,26.40,-,-,-,64800.00,-,202.95
ABCAPITAL,09-Apr-2024,25-Apr-2024,CE,180.00,24.00,25.00,23.15,24.30,24.30,24.10,13.00,143.43,17.07,1177200.00,-21600.00,202.95
ABCAPITAL,09-Apr-2024,25-Apr-2024,CE,182.50,21.85,21.85,21.85,21.85,21.85,21.85,1.00,11.03,1.18,108000.00,-,202.95
ABCAPITAL,09-Apr-2024,25-Apr-2024,CE,185.00,20.50,20.50,20.50,20.50,20.50,19.70,1.00,11.10,1.11,685800.00,-,202.95
ABCAPITAL,09-Apr-2024,25-Apr-2024,CE,187.50,17.45,19.90,17.45,17.80,17.80,17.60,5.00,55.50,4.87,81000.00,-5400.00,202.95
ABCAPITAL,09-Apr-2024,25-Apr-2024,CE,190.00,15.35,18.45,14.35,15.60,15.60,15.60,127.00,1419.50,116.48,961200.00,5400.00,202.95
ABCAPITAL,09-Apr-2024,25-Apr-2024,CE,192.50,14.50,14.50,13.45,13.50,13.50,13.75,4.00,44.55,2.97,270000.00,-10800.00,202.95
ABCAPITAL,09-Apr-2024,25-Apr-2024,CE,195.00,11.90,12.30,10.75,10.75,10.75,12.00,31.00,345.94,19.51,680400.00,-59400.00,202.95
ABCAPITAL,09-Apr-2024,25-Apr-2024,CE,197.50,9.70,10.80,9.20,9.20,9.20,10.35,10.00,112.09,5.44,151200.00,-,202.95
ABCAPITAL,09-Apr-2024,25-Apr-2024,CE,200.00,8.55,10.80,7.50,8.35,8.25,8.35,524.00,5914.81,255.61,3088800.00,97200.00,202.95
ABCAPITAL,09-Apr-2024,25-Apr-2024,CE,202.50,7.05,8.25,6.40,7.00,7.00,7.00,33.00,373.61,12.75,183600.00,37800.00,202.95
ABCAPITAL,09-Apr-2024,25-Apr-2024,CE,205.00,5.95,8.00,5.25,5.90,6.00,5.90,800.00,9139.78,283.78,2079000.00,534600.00,202.95
ABCAPITAL,09-Apr-2024,25-Apr-2024,CE,207.50,4.80,6.75,4.30,4.95,5.00,4.95,1538.00,17692.96,459.67,2484000.00,1917000.00,202.95
ABCAPITAL,09-Apr-2024,25-Apr-2024,CE,210.00,4.10,5.75,3.55,4.05,4.00,4.05,1560.00,18077.94,387.54,4503600.00,1080000.00,202.95
ABCAPITAL,09-Apr-2024,25-Apr-2024,CE,212.50,3.50,4.70,3.00,3.30,3.30,3.60,40.00,467.47,8.47,162000.00,-59400.00,202.95
ABCAPITAL,09-Apr-2024,25-Apr-2024,CE,215.00,2.70,4.05,2.40,2.75,2.70,2.75,470.00,5537.92,81.22,2316600.00,199800.00,202.95
ABCAPITAL,09-Apr-2024,25-Apr-2024,CE,217.50,2.45,3.20,1.95,2.30,2.30,2.35,14.00,166.34,1.91,955800.00,-16200.00,202.95
ABCAPITAL,09-Apr-2024,25-Apr-2024,CE,220.00,1.80,2.75,1.60,1.85,1.90,1.85,979.00,11745.31,114.79,2635200.00,324000.00,202.95
ABCAPITAL,09-Apr-2024,25-Apr-2024,CE,222.50,1.30,2.20,1.30,2.10,2.10,1.50,4.00,48.48,0.42,86400.00,-5400.00,202.95
ABCAPITAL,09-Apr-2024,25-Apr-2024,CE,225.00,1.35,1.85,1.00,1.25,1.20,1.25,258.00,3154.53,19.83,1641600.00,-,202.95
ABCAPITAL,09-Apr-2024,25-Apr-2024,CE,227.50,1.05,1.45,0.80,0.95,0.95,0.95,48.00,592.50,2.82,664200.00,-32400.00,202.95
ABCAPITAL,09-Apr-2024,25-Apr-2024,CE,230.00,0.75,1.20,0.70,0.85,0.85,0.85,347.00,4327.04,17.30,1269000.00,356400.00,202.95
ABCAPITAL,10-Apr-2024,25-Apr-2024,CE,145.00,-,-,-,61.00,61.00,58.35,-,-,-,-,-,202.90
ABCAPITAL,10-Apr-2024,25-Apr-2024,CE,150.00,-,-,-,28.00,28.00,53.35,-,-,-,5400.00,-,202.90
ABCAPITAL,10-Apr-2024,25-Apr-2024,CE,155.00,-,-,-,19.75,-,48.35,-,-,-,-,-,202.90
ABCAPITAL,10-Apr-2024,25-Apr-2024,CE,160.00,-,-,-,40.00,40.00,43.40,-,-,-,5400.00,-,202.90
ABCAPITAL,10-Apr-2024,25-Apr-2024,CE,162.50,-,-,-,21.00,21.00,40.90,-,-,-,5400.00,-,202.90
ABCAPITAL,10-Apr-2024,25-Apr-2024,CE,165.00,-,-,-,34.80,34.80,38.45,-,-,-,21600.00,-,202.90
ABCAPITAL,10-Apr-2024,25-Apr-2024,CE,167.50,-,-,-,22.55,22.55,35.95,-,-,-,5400.00,-,202.90
ABCAPITAL,10-Apr-2024,25-Apr-2024,CE,170.00,-,-,-,35.00,35.00,33.50,-,-,-,221400.00,-,202.90
ABCAPITAL,10-Apr-2024,25-Apr-2024,CE,172.50,-,-,-,18.90,18.90,31.05,-,-,-,37800.00,-,202.90
ABCAPITAL,10-Apr-2024,25-Apr-2024,CE,175.00,29.20,29.20,29.20,29.20,29.20,28.65,1.00,11.03,1.58,313200.00,-5400.00,202.90
ABCAPITAL,10-Apr-2024,25-Apr-2024,CE,177.50,-,-,-,29.25,29.25,26.30,-,-,-,64800.00,-,202.90
ABCAPITAL,10-Apr-2024,25-Apr-2024,CE,180.00,23.00,25.35,23.00,24.90,24.90,23.95,12.00,132.35,15.71,1144800.00,-32400.00,202.90
ABCAPITAL,10-Apr-2024,25-Apr-2024,CE,182.50,-,-,-,21.85,21.85,21.70,-,-,-,108000.00,-,202.90
ABCAPITAL,10-Apr-2024,25-Apr-2024,CE,185.00,18.85,18.85,18.85,18.85,18.85,19.50,1.00,11.01,1.02,685800.00,-,202.90
ABCAPITAL,10-Apr-2024,25-Apr-2024,CE,187.50,16.70,16.70,16.70,16.70,16.70,17.40,1.00,11.03,0.90,81000.00,-,202.90
ABCAPITAL,10-Apr-2024,25-Apr-2024,CE,190.00,16.00,16.50,14.50,15.65,15.65,15.35,19.00,210.99,16.05,918000.00,-43200.00,202.90
ABCAPITAL,10-Apr-2024,25-Apr-2024,CE,192.50,12.60,14.40,12.60,14.40,14.40,13.50,2.00,22.25,1.46,264600.00,-5400.00,202.90
ABCAPITAL,10-Apr-2024,25-Apr-2024,CE,195.00,12.10,12.10,12.05,12.10,12.10,11.70,4.00,44.73,2.61,669600.00,-10800.00,202.90
ABCAPITAL,10-Apr-2024,25-Apr-2024,CE,197.50,10.65,10.65,10.65,10.65,10.65,10.10,1.00,11.24,0.58,156600.00,5400.00,202.90
ABCAPITAL,10-Apr-2024,25-Apr-2024,CE,200.00,8.40,9.10,7.35,8.10,8.05,8.10,393.00,4418.64,174.24,2786400.00,-302400.00,202.90
ABCAPITAL,10-Apr-2024,25-Apr-2024,CE,202.50,6.75,7.55,6.20,6.65,6.65,6.65,40.00,452.18,14.78,189000.00,5400.00,202.90
ABCAPITAL,10-Apr-2024,25-Apr-2024,CE,205.00,5.95,6.40,5.10,5.55,5.45,5.55,512.00,5825.55,157.71,2473200.00,394200.00,202.90
ABCAPITAL,10-Apr-2024,25-Apr-2024,CE,207.50,5.05,5.35,4.25,4.65,4.60,4.65,342.00,3919.43,87.32,2527200.00,43200.00,202.90
ABCAPITAL,10-Apr-2024,25-Apr-2024,CE,210.00,4.05,4.40,3.35,3.85,3.70,3.85,882.00,10184.39,182.51,4978800.00,475200.00,202.90
ABCAPITAL,10-Apr-2024,25-Apr-2024,CE,212.50,3.15,3.60,2.80,3.25,3.25,3.35,42.00,489.27,7.32,145800.00,-16200.00,202.90
ABCAPITAL,10-Apr-2024,25-Apr-2024,CE,215.00,2.95,3.05,2.35,2.55,2.55,2.55,216.00,2538.06,30.30,2435400.00,118800.00,202.90
ABCAPITAL,10-Apr-2024,25-Apr-2024,CE,217.50,2.10,2.40,1.85,2.10,2.10,2.15,18.00,213.43,2.02,961200.00,5400.00,202.90
ABCAPITAL,10-Apr-2024,25-Apr-2024,CE,220.00,1.85,2.00,1.55,1.65,1.60,1.65,425.00,5089.18,40.18,2975400.00,340200.00,202.90
ABCAPITAL,10-Apr-2024,25-Apr-2024,CE,222.50,1.35,1.45,1.35,1.35,1.35,1.35,9.00,108.81,0.67,102600.00,16200.00,202.90
ABCAPITAL,10-Apr-2024,25-Apr-2024,CE,225.00,1.35,1.35,1.05,1.10,1.10,1.10,98.00,1196.86,6.16,1809000.00,167400.00,202.90
ABCAPITAL,10-Apr-2024,25-Apr-2024,CE,227.50,1.00,1.00,0.75,0.90,0.90,0.90,16.00,197.37,0.81,648000.00,-16200.00,202.90
ABCAPITAL,10-Apr-2024,25-Apr-2024,CE,230.00,0.85,0.85,0.65,0.70,0.70,0.70,149.00,1856.55,5.97,1404000.00,135000.00,202.90
ABCAPITAL,12-Apr-2024,25-Apr-2024,CE,145.00,-,-,-,61.00,61.00,57.95,-,-,-,-,-,202.90
ABCAPITAL,12-Apr-2024,25-Apr-2024,CE,150.00,54.60,54.60,54.60,54.60,54.60,52.95,1.00,11.05,2.95,-,-5400.00,202.90
ABCAPITAL,12-Apr-2024,25-Apr-2024,CE,155.00,-,-,-,19.75,-,47.95,-,-,-,-,-,202.90
ABCAPITAL,12-Apr-2024,25-Apr-2024,CE,160.00,-,-,-,40.00,40.00,43.00,-,-,-,5400.00,-,202.90
ABCAPITAL,12-Apr-2024,25-Apr-2024,CE,162.50,-,-,-,21.00,21.00,40.50,-,-,-,5400.00,-,202.90
ABCAPITAL,12-Apr-2024,25-Apr-2024,CE,165.00,-,-,-,34.80,34.80,38.00,-,-,-,21600.00,-,202.90
ABCAPITAL,12-Apr-2024,25-Apr-2024,CE,167.50,-,-,-,22.55,22.55,35.50,-,-,-,5400.00,-,202.90
ABCAPITAL,12-Apr-2024,25-Apr-2024,CE,170.00,-,-,-,35.00,35.00,33.05,-,-,-,221400.00,-,202.90
ABCAPITAL,12-Apr-2024,25-Apr-2024,CE,172.50,-,-,-,18.90,18.90,30.60,-,-,-,37800.00,-,202.90
ABCAPITAL,12-Apr-2024,25-Apr-2024,CE,175.00,29.15,29.25,29.15,29.25,29.25,28.15,3.00,33.08,4.73,297000.00,-16200.00,202.90
ABCAPITAL,12-Apr-2024,25-Apr-2024,CE,177.50,-,-,-,29.25,29.25,25.75,-,-,-,64800.00,-,202.90
ABCAPITAL,12-Apr-2024,25-Apr-2024,CE,180.00,24.40,28.75,24.40,25.00,25.00,23.40,14.00,155.88,19.80,1123200.00,-21600.00,202.90
ABCAPITAL,12-Apr-2024,25-Apr-2024,CE,182.50,-,-,-,21.85,21.85,21.10,-,-,-,108000.00,-,202.90
ABCAPITAL,12-Apr-2024,25-Apr-2024,CE,185.00,-,-,-,18.85,18.85,18.90,-,-,-,685800.00,-,202.90
ABCAPITAL,12-Apr-2024,25-Apr-2024,CE,187.50,-,-,-,16.70,16.70,16.75,-,-,-,81000.00,-,202.90
ABCAPITAL,12-Apr-2024,25-Apr-2024,CE,190.00,16.35,19.00,13.70,15.20,15.00,15.20,38.00,424.99,35.11,874800.00,-43200.00,202.90
ABCAPITAL,12-Apr-2024,25-Apr-2024,CE,192.50,11.90,16.50,11.90,15.80,15.80,12.80,4.00,44.86,3.28,264600.00,-,202.90
ABCAPITAL,12-Apr-2024,25-Apr-2024,CE,195.00,10.10,14.75,10.10,11.30,11.60,11.30,29.00,325.30,19.93,610200.00,-59400.00,202.90
ABCAPITAL,12-Apr-2024,25-Apr-2024,CE,197.50,11.60,11.60,10.60,10.60,10.60,9.35,2.00,22.53,1.20,145800.00,-10800.00,202.90
ABCAPITAL,12-Apr-2024,25-Apr-2024,CE,200.00,8.00,11.20,6.40,8.15,8.40,8.15,747.00,8446.77,379.17,2538000.00,-248400.00,202.90
ABCAPITAL,12-Apr-2024,25-Apr-2024,CE,202.50,7.20,9.50,5.80,7.20,7.20,7.20,30.00,340.24,12.19,210600.00,21600.00,202.90
ABCAPITAL,12-Apr-2024,25-Apr-2024,CE,205.00,5.40,8.20,4.30,5.75,5.90,5.75,2100.00,23990.68,743.68,3159000.00,685800.00,202.90
ABCAPITAL,12-Apr-2024,25-Apr-2024,CE,207.50,4.65,6.90,3.50,4.90,4.95,4.90,1362.00,15672.11,410.90,1776600.00,-750600.00,202.90
ABCAPITAL,12-Apr-2024,25-Apr-2024,CE,210.00,3.35,5.75,2.75,4.05,4.10,4.05,6257.00,72563.17,1608.79,10692000.00,5713200.00,202.90
ABCAPITAL,12-Apr-2024,25-Apr-2024,CE,212.50,3.35,4.80,2.40,3.20,3.30,3.20,95.00,1110.25,20.13,226800.00,81000.00,202.90
ABCAPITAL,12-Apr-2024,25-Apr-2024,CE,215.00,2.10,3.90,1.90,2.65,2.70,2.65,1584.00,18655.97,265.73,2079000.00,-356400.00,202.90
ABCAPITAL,12-Apr-2024,25-Apr-2024,CE,217.50,1.80,3.20,1.55,2.10,2.15,2.10,83.00,986.36,11.52,972000.00,10800.00,202.90
ABCAPITAL,12-Apr-2024,25-Apr-2024,CE,220.00,1.55,2.60,1.20,1.80,1.90,1.80,1852.00,22200.41,198.65,3607200.00,631800.00,202.90
ABCAPITAL,12-Apr-2024,25-Apr-2024,CE,222.50,1.10,2.20,1.10,1.40,1.50,1.40,43.00,520.46,3.82,91800.00,-10800.00,202.90
ABCAPITAL,12-Apr-2024,25-Apr-2024,CE,225.00,0.90,1.75,0.80,1.25,1.25,1.25,341.00,4165.87,22.72,1863000.00,54000.00,202.90
ABCAPITAL,12-Apr-2024,25-Apr-2024,CE,227.50,0.65,1.30,0.65,1.05,1.05,1.05,92.00,1135.28,5.06,718200.00,70200.00,202.90
ABCAPITAL,12-Apr-2024,25-Apr-2024,CE,230.00,0.60,1.15,0.55,0.90,0.90,0.90,973.00,12129.53,44.87,2538000.00,1134000.00,202.90
ABCAPITAL,15-Apr-2024,25-Apr-2024,CE,145.00,-,-,-,61.00,61.00,60.85,-,-,-,-,-,203.50
ABCAPITAL,15-Apr-2024,25-Apr-2024,CE,150.00,-,-,-,54.60,54.60,55.85,-,-,-,-,-,203.50
ABCAPITAL,15-Apr-2024,25-Apr-2024,CE,155.00,-,-,-,19.75,-,50.85,-,-,-,-,-,203.50
ABCAPITAL,15-Apr-2024,25-Apr-2024,CE,160.00,38.00,38.00,38.00,38.00,38.00,45.90,1.00,10.69,2.05,5400.00,-,203.50
ABCAPITAL,15-Apr-2024,25-Apr-2024,CE,162.50,-,-,-,21.00,21.00,43.40,-,-,-,5400.00,-,203.50
ABCAPITAL,15-Apr-2024,25-Apr-2024,CE,165.00,-,-,-,34.80,34.80,40.90,-,-,-,21600.00,-,203.50
ABCAPITAL,15-Apr-2024,25-Apr-2024,CE,167.50,-,-,-,22.55,22.55,38.40,-,-,-,5400.00,-,203.50
ABCAPITAL,15-Apr-2024,25-Apr-2024,CE,170.00,27.10,27.10,27.10,27.10,27.10,35.90,1.00,10.64,1.46,216000.00,-5400.00,203.50
ABCAPITAL,15-Apr-2024,25-Apr-2024,CE,172.50,-,-,-,18.90,18.90,33.40,-,-,-,37800.00,-,203.50
ABCAPITAL,15-Apr-2024,25-Apr-2024,CE,175.00,-,-,-,29.25,29.25,30.95,-,-,-,297000.00,-,203.50
ABCAPITAL,15-Apr-2024,25-Apr-2024,CE,177.50,-,-,-,29.25,29.25,28.50,-,-,-,64800.00,-,203.50
ABCAPITAL,15-Apr-2024,25-Apr-2024,CE,180.00,18.00,27.00,16.40,26.10,26.45,26.10,99.00,1089.66,127.38,1090800.00,-32400.00,203.50
ABCAPITAL,15-Apr-2024,25-Apr-2024,CE,182.50,-,-,-,21.85,21.85,23.60,-,-,-,108000.00,-,203.50
ABCAPITAL,15-Apr-2024,25-Apr-2024,CE,185.00,17.15,22.40,17.15,21.50,21.75,21.50,84.00,934.81,95.65,685800.00,-,203.50
ABCAPITAL,15-Apr-2024,25-Apr-2024,CE,187.50,12.00,12.50,11.85,12.50,12.50,18.95,4.00,43.11,2.61,86400.00,5400.00,203.50
ABCAPITAL,15-Apr-2024,25-Apr-2024,CE,190.00,11.95,18.30,9.20,17.50,17.80,17.50,74.00,820.47,61.23,772200.00,-102600.00,203.50
ABCAPITAL,15-Apr-2024,25-Apr-2024,CE,192.50,8.45,15.50,7.80,14.65,14.65,14.60,9.00,98.83,5.28,248400.00,-16200.00,203.50
ABCAPITAL,15-Apr-2024,25-Apr-2024,CE,195.00,8.20,14.20,6.00,13.05,13.25,13.05,176.00,1942.49,89.21,610200.00,-,203.50
ABCAPITAL,15-Apr-2024,25-Apr-2024,CE,197.50,7.45,12.15,4.80,11.30,11.30,11.30,84.00,928.63,32.77,183600.00,37800.00,203.50
ABCAPITAL,15-Apr-2024,25-Apr-2024,CE,200.00,7.00,10.70,3.80,9.70,10.00,9.70,2058.00,23035.81,809.41,2532600.00,-5400.00,203.50
ABCAPITAL,15-Apr-2024,25-Apr-2024,CE,202.50,5.30,9.05,3.15,8.10,7.85,8.10,150.00,1688.78,48.53,156600.00,-54000.00,203.50
ABCAPITAL,15-Apr-2024,25-Apr-2024,CE,205.00,4.80,7.80,2.50,6.80,7.20,6.80,2208.00,25103.34,660.78,2683800.00,-475200.00,203.50
ABCAPITAL,15-Apr-2024,25-Apr-2024,CE,207.50,3.60,6.60,2.15,5.65,5.90,5.65,569.00,6519.68,144.03,1733400.00,-43200.00,203.50
ABCAPITAL,15-Apr-2024,25-Apr-2024,CE,210.00,3.00,5.40,1.75,4.60,4.80,4.60,4967.00,57351.53,1025.75,8845200.00,-1846800.00,203.50
ABCAPITAL,15-Apr-2024,25-Apr-2024,CE,212.50,2.00,4.40,1.35,3.75,3.80,3.75,159.00,1850.67,26.15,259200.00,32400.00,203.50
ABCAPITAL,15-Apr-2024,25-Apr-2024,CE,215.00,1.75,3.60,1.00,3.00,3.15,3.00,1053.00,12367.61,142.28,2187000.00,108000.00,203.50
ABCAPITAL,15-Apr-2024,25-Apr-2024,CE,217.50,1.35,2.80,0.90,2.45,2.40,2.45,99.00,1171.40,8.65,988200.00,16200.00,203.50
ABCAPITAL,15-Apr-2024,25-Apr-2024,CE,220.00,1.30,2.45,0.60,2.00,2.20,2.00,1814.00,21715.25,164.93,3558600.00,-48600.00,203.50
ABCAPITAL,15-Apr-2024,25-Apr-2024,CE,222.50,0.80,1.85,0.80,1.65,1.65,1.65,39.00,471.43,2.85,81000.00,-10800.00,203.50
ABCAPITAL,15-Apr-2024,25-Apr-2024,CE,225.00,0.90,1.65,0.45,1.40,1.40,1.40,579.00,7066.60,31.75,1922400.00,59400.00,203.50
ABCAPITAL,15-Apr-2024,25-Apr-2024,CE,227.50,0.50,1.25,0.50,1.10,1.10,1.10,93.00,1147.01,4.50,788400.00,70200.00,203.50
ABCAPITAL,15-Apr-2024,25-Apr-2024,CE,230.00,0.65,1.15,0.25,1.00,1.10,1.00,1252.00,15603.52,53.68,2937600.00,399600.00,203.50
ABCAPITAL,16-Apr-2024,25-Apr-2024,CE,145.00,-,-,-,61.00,61.00,58.70,-,-,-,-,-,203.50
ABCAPITAL,16-Apr-2024,25-Apr-2024,CE,150.00,-,-,-,54.60,54.60,53.75,-,-,-,-,-,203.50
ABCAPITAL,16-Apr-2024,25-Apr-2024,CE,155.00,-,-,-,19.75,-,48.75,-,-,-,-,-,203.50
ABCAPITAL,16-Apr-2024,25-Apr-2024,CE,160.00,50.00,50.00,50.00,50.00,50.00,43.75,1.00,11.34,2.70,5400.00,-,203.50
ABCAPITAL,16-Apr-2024,25-Apr-2024,CE,162.50,-,-,-,21.00,21.00,41.25,-,-,-,5400.00,-,203.50
ABCAPITAL,16-Apr-2024,25-Apr-2024,CE,165.00,-,-,-,34.80,34.80,38.75,-,-,-,21600.00,-,203.50
ABCAPITAL,16-Apr-2024,25-Apr-2024,CE,167.50,-,-,-,22.55,22.55,36.25,-,-,-,5400.00,-,203.50
ABCAPITAL,16-Apr-2024,25-Apr-2024,CE,170.00,-,-,-,27.10,27.10,33.75,-,-,-,216000.00,-,203.50
ABCAPITAL,16-Apr-2024,25-Apr-2024,CE,172.50,-,-,-,18.90,18.90,31.30,-,-,-,37800.00,-,203.50
ABCAPITAL,16-Apr-2024,25-Apr-2024,CE,175.00,-,-,-,29.25,29.25,28.80,-,-,-,297000.00,-,203.50
ABCAPITAL,16-Apr-2024,25-Apr-2024,CE,177.50,-,-,-,29.25,29.25,26.35,-,-,-,64800.00,-,203.50
ABCAPITAL,16-Apr-2024,25-Apr-2024,CE,180.00,27.50,30.70,21.75,25.00,25.00,23.90,19.00,211.66,26.98,1069200.00,-21600.00,203.50
ABCAPITAL,16-Apr-2024,25-Apr-2024,CE,182.50,-,-,-,21.85,21.85,21.50,-,-,-,108000.00,-,203.50
ABCAPITAL,16-Apr-2024,25-Apr-2024,CE,185.00,24.00,24.05,18.85,20.10,20.10,19.15,5.00,55.92,5.97,680400.00,-5400.00,203.50
ABCAPITAL,16-Apr-2024,25-Apr-2024,CE,187.50,21.35,21.85,18.65,19.40,19.40,16.90,7.00,78.66,7.78,97200.00,10800.00,203.50
ABCAPITAL,16-Apr-2024,25-Apr-2024,CE,190.00,20.00,21.90,13.45,15.10,15.10,15.10,54.00,609.30,55.26,826200.00,54000.00,203.50
ABCAPITAL,16-Apr-2024,25-Apr-2024,CE,192.50,17.50,17.50,17.50,17.50,17.50,12.60,1.00,11.34,0.94,243000.00,-5400.00,203.50
ABCAPITAL,16-Apr-2024,25-Apr-2024,CE,195.00,16.00,16.40,9.85,10.65,10.60,10.65,34.00,380.25,22.23,561600.00,-48600.00,203.50
ABCAPITAL,16-Apr-2024,25-Apr-2024,CE,197.50,12.95,13.10,8.35,8.35,8.35,8.90,19.00,213.85,11.22,129600.00,-54000.00,203.50
ABCAPITAL,16-Apr-2024,25-Apr-2024,CE,200.00,10.10,13.60,6.70,7.65,7.65,7.65,1835.00,20845.67,1027.67,2170800.00,-361800.00,203.50
ABCAPITAL,16-Apr-2024,25-Apr-2024,CE,202.50,9.10,11.65,5.55,6.35,6.35,6.35,111.00,1259.85,46.07,216000.00,59400.00,203.50
ABCAPITAL,16-Apr-2024,25-Apr-2024,CE,205.00,8.00,10.30,4.40,5.15,5.20,5.15,2856.00,32759.13,1143.21,2899800.00,216000.00,203.50
ABCAPITAL,16-Apr-2024,25-Apr-2024,CE,207.50,5.35,8.85,3.65,4.30,4.20,4.30,1295.00,14970.05,459.58,1128600.00,-604800.00,203.50
ABCAPITAL,16-Apr-2024,25-Apr-2024,CE,210.00,5.05,7.60,2.90,3.45,3.50,3.45,9791.00,113991.53,2961.59,10702800.00,1857600.00,203.50
ABCAPITAL,16-Apr-2024,25-Apr-2024,CE,212.50,3.90,6.50,2.45,2.75,2.65,2.75,996.00,11685.57,256.47,756000.00,496800.00,203.50
ABCAPITAL,16-Apr-2024,25-Apr-2024,CE,215.00,3.00,5.40,1.85,2.15,2.15,2.15,2541.00,30007.89,506.88,3132000.00,945000.00,203.50
ABCAPITAL,16-Apr-2024,25-Apr-2024,CE,217.50,2.80,4.40,1.50,1.75,1.70,1.75,200.00,2380.95,31.95,1069200.00,81000.00,203.50
ABCAPITAL,16-Apr-2024,25-Apr-2024,CE,220.00,1.80,3.80,1.25,1.40,1.40,1.40,3392.00,40762.56,465.60,4606200.00,1047600.00,203.50
ABCAPITAL,16-Apr-2024,25-Apr-2024,CE,222.50,2.05,3.10,1.05,1.05,1.05,1.05,89.00,1079.99,10.65,113400.00,32400.00,203.50
ABCAPITAL,16-Apr-2024,25-Apr-2024,CE,225.00,1.40,2.65,0.80,0.95,1.00,0.95,879.00,10757.82,77.97,1890000.00,-32400.00,203.50
ABCAPITAL,16-Apr-2024,25-Apr-2024,CE,227.50,0.95,2.15,0.65,0.80,0.85,0.80,131.00,1620.29,10.96,912600.00,124200.00,203.50
ABCAPITAL,16-Apr-2024,25-Apr-2024,CE,230.00,1.00,1.95,0.60,0.70,0.70,0.70,1657.00,20690.36,110.42,3488400.00,550800.00,203.50
ABCAPITAL,18-Apr-2024,25-Apr-2024,CE,145.00,-,-,-,61.00,61.00,57.15,-,-,-,-,-,201.95
ABCAPITAL,18-Apr-2024,25-Apr-2024,CE,150.00,-,-,-,54.60,54.60,52.15,-,-,-,-,-,201.95
ABCAPITAL,18-Apr-2024,25-Apr-2024,CE,155.00,-,-,-,19.75,-,47.20,-,-,-,-,-,201.95
ABCAPITAL,18-Apr-2024,25-Apr-2024,CE,160.00,-,-,-,50.00,50.00,42.20,-,-,-,5400.00,-,201.95
ABCAPITAL,18-Apr-2024,25-Apr-2024,CE,162.50,-,-,-,21.00,21.00,39.70,-,-,-,5400.00,-,201.95
ABCAPITAL,18-Apr-2024,25-Apr-2024,CE,165.00,-,-,-,34.80,34.80,37.20,-,-,-,21600.00,-,201.95
ABCAPITAL,18-Apr-2024,25-Apr-2024,CE,167.50,-,-,-,22.55,22.55,34.70,-,-,-,5400.00,-,201.95
ABCAPITAL,18-Apr-2024,25-Apr-2024,CE,170.00,-,-,-,27.10,27.10,32.20,-,-,-,216000.00,-,201.95
ABCAPITAL,18-Apr-2024,25-Apr-2024,CE,172.50,-,-,-,18.90,18.90,29.70,-,-,-,37800.00,-,201.95
ABCAPITAL,18-Apr-2024,25-Apr-2024,CE,175.00,-,-,-,29.25,29.25,27.20,-,-,-,297000.00,-,201.95
ABCAPITAL,18-Apr-2024,25-Apr-2024,CE,177.50,-,-,-,29.25,29.25,24.75,-,-,-,64800.00,-,201.95
ABCAPITAL,18-Apr-2024,25-Apr-2024,CE,180.00,27.25,27.25,23.00,23.00,23.00,23.00,3.00,33.28,4.12,1058400.00,-10800.00,201.95
ABCAPITAL,18-Apr-2024,25-Apr-2024,CE,182.50,-,-,-,21.85,21.85,19.85,-,-,-,108000.00,-,201.95
ABCAPITAL,18-Apr-2024,25-Apr-2024,CE,185.00,20.00,23.10,19.25,19.55,19.55,17.50,10.00,111.15,11.25,653400.00,-27000.00,201.95
ABCAPITAL,18-Apr-2024,25-Apr-2024,CE,187.50,19.20,19.20,19.20,19.20,19.20,15.20,1.00,11.16,1.04,91800.00,-5400.00,201.95
ABCAPITAL,18-Apr-2024,25-Apr-2024,CE,190.00,16.00,18.90,14.00,14.15,14.25,14.15,28.00,312.80,25.52,712800.00,-113400.00,201.95
ABCAPITAL,18-Apr-2024,25-Apr-2024,CE,192.50,13.35,13.35,13.35,13.35,13.35,10.90,1.00,11.12,0.72,243000.00,-,201.95
ABCAPITAL,18-Apr-2024,25-Apr-2024,CE,195.00,10.50,14.55,9.15,9.35,9.25,9.35,59.00,662.46,41.19,513000.00,-48600.00,201.95
ABCAPITAL,18-Apr-2024,25-Apr-2024,CE,197.50,12.40,12.55,10.45,10.65,10.65,7.30,5.00,56.45,3.12,118800.00,-10800.00,201.95
ABCAPITAL,18-Apr-2024,25-Apr-2024,CE,200.00,8.00,10.55,5.80,6.15,6.60,6.15,602.00,6779.08,277.48,2019600.00,-151200.00,201.95
ABCAPITAL,18-Apr-2024,25-Apr-2024,CE,202.50,6.50,8.85,4.60,4.90,5.05,4.90,74.00,836.05,26.86,291600.00,75600.00,201.95
ABCAPITAL,18-Apr-2024,25-Apr-2024,CE,205.00,5.70,7.30,3.55,3.90,4.15,3.90,1309.00,14882.11,391.48,2457000.00,-442800.00,201.95
ABCAPITAL,18-Apr-2024,25-Apr-2024,CE,207.50,4.70,5.90,2.90,3.05,3.25,3.05,383.00,4389.71,98.19,1009800.00,-118800.00,201.95
ABCAPITAL,18-Apr-2024,25-Apr-2024,CE,210.00,3.45,4.90,2.15,2.40,2.55,2.40,3040.00,35079.65,606.05,9336600.00,-1366200.00,201.95
ABCAPITAL,18-Apr-2024,25-Apr-2024,CE,212.50,2.75,3.90,1.70,1.90,2.00,1.90,143.00,1663.62,22.69,653400.00,-102600.00,201.95
ABCAPITAL,18-Apr-2024,25-Apr-2024,CE,215.00,2.40,3.00,1.30,1.45,1.50,1.45,743.00,8712.34,86.11,2543400.00,-588600.00,201.95
ABCAPITAL,18-Apr-2024,25-Apr-2024,CE,217.50,1.75,2.20,1.05,1.10,1.05,1.10,96.00,1137.09,9.57,928800.00,-140400.00,201.95
ABCAPITAL,18-Apr-2024,25-Apr-2024,CE,220.00,1.40,1.85,0.80,0.90,0.95,0.90,1252.00,14964.22,90.46,4282200.00,-324000.00,201.95
ABCAPITAL,18-Apr-2024,25-Apr-2024,CE,222.50,0.90,1.30,0.65,0.70,0.65,0.70,42.00,506.99,2.36,151200.00,37800.00,201.95
ABCAPITAL,18-Apr-2024,25-Apr-2024,CE,225.00,1.00,1.05,0.50,0.55,0.60,0.55,386.00,4705.72,15.82,1728000.00,-162000.00,201.95
ABCAPITAL,18-Apr-2024,25-Apr-2024,CE,227.50,0.80,0.80,0.35,0.40,0.40,0.40,58.00,714.43,1.90,799200.00,-113400.00,201.95
ABCAPITAL,18-Apr-2024,25-Apr-2024,CE,230.00,0.70,0.70,0.25,0.30,0.35,0.30,599.00,7454.76,15.18,3267000.00,-221400.00,201.95
ABCAPITAL,19-Apr-2024,25-Apr-2024,CE,145.00,-,-,-,61.00,61.00,56.10,-,-,-,-,-,200.90
ABCAPITAL,19-Apr-2024,25-Apr-2024,CE,150.00,-,-,-,54.60,54.60,51.10,-,-,-,-,-,200.90
ABCAPITAL,19-Apr-2024,25-Apr-2024,CE,155.00,-,-,-,19.75,-,46.10,-,-,-,-,-,200.90
ABCAPITAL,19-Apr-2024,25-Apr-2024,CE,160.00,-,-,-,50.00,50.00,41.10,-,-,-,5400.00,-,200.90
ABCAPITAL,19-Apr-2024,25-Apr-2024,CE,162.50,-,-,-,21.00,21.00,38.60,-,-,-,5400.00,-,200.90
ABCAPITAL,19-Apr-2024,25-Apr-2024,CE,165.00,-,-,-,34.80,34.80,36.10,-,-,-,21600.00,-,200.90
ABCAPITAL,19-Apr-2024,25-Apr-2024,CE,167.50,-,-,-,22.55,22.55,33.60,-,-,-,5400.00,-,200.90
ABCAPITAL,19-Apr-2024,25-Apr-2024,CE,170.00,29.30,29.30,29.30,29.30,29.30,31.10,1.00,10.76,1.58,210600.00,-5400.00,200.90
ABCAPITAL,19-Apr-2024,25-Apr-2024,CE,172.50,-,-,-,18.90,18.90,28.60,-,-,-,37800.00,-,200.90
ABCAPITAL,19-Apr-2024,25-Apr-2024,CE,175.00,-,-,-,29.25,29.25,26.15,-,-,-,297000.00,-,200.90
ABCAPITAL,19-Apr-2024,25-Apr-2024,CE,177.50,-,-,-,29.25,29.25,23.65,-,-,-,64800.00,-,200.90
ABCAPITAL,19-Apr-2024,25-Apr-2024,CE,180.00,18.00,21.60,18.00,21.35,21.35,21.35,16.00,172.46,16.94,1009800.00,-48600.00,200.90
ABCAPITAL,19-Apr-2024,25-Apr-2024,CE,182.50,-,-,-,21.85,21.85,18.75,-,-,-,108000.00,-,200.90
ABCAPITAL,19-Apr-2024,25-Apr-2024,CE,185.00,14.00,15.90,14.00,15.90,15.90,15.90,3.00,32.42,2.45,642600.00,-10800.00,200.90
ABCAPITAL,19-Apr-2024,25-Apr-2024,CE,187.50,-,-,-,19.20,19.20,14.05,-,-,-,91800.00,-,200.90
ABCAPITAL,19-Apr-2024,25-Apr-2024,CE,190.00,9.00,12.85,9.00,11.50,11.50,11.50,36.00,390.35,20.99,599400.00,-113400.00,200.90
ABCAPITAL,19-Apr-2024,25-Apr-2024,CE,192.50,9.05,9.05,8.05,8.15,8.15,9.80,11.00,119.27,4.93,205200.00,-37800.00,200.90
ABCAPITAL,19-Apr-2024,25-Apr-2024,CE,195.00,5.60,8.50,5.25,7.35,7.30,7.35,34.00,371.29,13.27,480600.00,-32400.00,200.90
ABCAPITAL,19-Apr-2024,25-Apr-2024,CE,197.50,5.85,5.85,5.50,5.60,5.50,5.60,3.00,32.92,0.92,108000.00,-10800.00,200.90
ABCAPITAL,19-Apr-2024,25-Apr-2024,CE,200.00,5.10,5.45,2.75,4.30,4.00,4.30,1025.00,11299.06,229.06,2057400.00,37800.00,200.90
ABCAPITAL,19-Apr-2024,25-Apr-2024,CE,202.50,5.15,5.15,2.55,3.05,2.55,3.05,109.00,1212.22,20.31,399600.00,108000.00,200.90
ABCAPITAL,19-Apr-2024,25-Apr-2024,CE,205.00,2.10,3.15,0.10,2.20,2.10,2.20,1009.00,11298.88,129.25,2332800.00,-124200.00,200.90
ABCAPITAL,19-Apr-2024,25-Apr-2024,CE,207.50,1.75,2.45,1.30,1.65,1.45,1.65,266.00,3006.97,26.44,945000.00,-64800.00,200.90
ABCAPITAL,19-Apr-2024,25-Apr-2024,CE,210.00,2.00,2.00,0.95,1.35,1.15,1.35,1630.00,18606.02,121.82,7927200.00,-1409400.00,200.90
ABCAPITAL,19-Apr-2024,25-Apr-2024,CE,212.50,0.90,1.35,0.85,1.05,0.95,1.05,94.00,1083.80,5.15,631800.00,-21600.00,200.90
ABCAPITAL,19-Apr-2024,25-Apr-2024,CE,215.00,0.85,1.05,0.55,0.80,0.65,0.80,461.00,5371.99,19.78,2192400.00,-351000.00,200.90
ABCAPITAL,19-Apr-2024,25-Apr-2024,CE,217.50,0.45,0.75,0.45,0.60,0.50,0.60,185.00,2179.40,6.57,286200.00,-642600.00,200.90
ABCAPITAL,19-Apr-2024,25-Apr-2024,CE,220.00,0.80,0.80,0.35,0.45,0.35,0.45,717.00,8537.57,19.61,3569400.00,-712800.00,200.90
ABCAPITAL,19-Apr-2024,25-Apr-2024,CE,222.50,0.45,0.50,0.35,0.45,0.40,0.45,26.00,312.97,0.58,97200.00,-54000.00,200.90
ABCAPITAL,19-Apr-2024,25-Apr-2024,CE,225.00,0.40,0.40,0.25,0.30,0.25,0.30,202.00,2457.85,3.55,1371600.00,-356400.00,200.90
ABCAPITAL,19-Apr-2024,25-Apr-2024,CE,227.50,0.25,0.30,0.20,0.25,0.30,0.25,37.00,455.08,0.53,745200.00,-54000.00,200.90
ABCAPITAL,19-Apr-2024,25-Apr-2024,CE,230.00,0.20,0.30,0.15,0.20,0.15,0.20,448.00,5569.93,5.77,2705400.00,-561600.00,200.90
ABCAPITAL,22-Apr-2024,25-Apr-2024,CE,145.00,-,-,-,61.00,61.00,57.80,-,-,-,-,-,202.70
ABCAPITAL,22-Apr-2024,25-Apr-2024,CE,150.00,-,-,-,54.60,54.60,52.80,-,-,-,-,-,202.70
ABCAPITAL,22-Apr-2024,25-Apr-2024,CE,155.00,-,-,-,19.75,-,47.80,-,-,-,-,-,202.70
ABCAPITAL,22-Apr-2024,25-Apr-2024,CE,160.00,-,-,-,50.00,50.00,42.80,-,-,-,5400.00,-,202.70
ABCAPITAL,22-Apr-2024,25-Apr-2024,CE,162.50,-,-,-,21.00,21.00,40.30,-,-,-,5400.00,-,202.70
ABCAPITAL,22-Apr-2024,25-Apr-2024,CE,165.00,-,-,-,34.80,34.80,37.80,-,-,-,21600.00,-,202.70
ABCAPITAL,22-Apr-2024,25-Apr-2024,CE,167.50,-,-,-,22.55,22.55,35.30,-,-,-,5400.00,-,202.70
ABCAPITAL,22-Apr-2024,25-Apr-2024,CE,170.00,-,-,-,29.30,29.30,32.80,-,-,-,210600.00,-,202.70
ABCAPITAL,22-Apr-2024,25-Apr-2024,CE,172.50,-,-,-,18.90,18.90,30.30,-,-,-,37800.00,-,202.70
ABCAPITAL,22-Apr-2024,25-Apr-2024,CE,175.00,-,-,-,29.25,29.25,27.80,-,-,-,297000.00,-,202.70
ABCAPITAL,22-Apr-2024,25-Apr-2024,CE,177.50,-,-,-,29.25,29.25,25.30,-,-,-,64800.00,-,202.70
ABCAPITAL,22-Apr-2024,25-Apr-2024,CE,180.00,23.70,23.70,22.60,23.10,23.10,23.10,14.00,153.54,17.46,993600.00,-16200.00,202.70
ABCAPITAL,22-Apr-2024,25-Apr-2024,CE,182.50,-,-,-,21.85,21.85,20.35,-,-,-,108000.00,-,202.70
ABCAPITAL,22-Apr-2024,25-Apr-2024,CE,185.00,18.10,18.15,18.10,18.15,18.15,18.15,2.00,21.94,1.96,637200.00,-5400.00,202.70
ABCAPITAL,22-Apr-2024,25-Apr-2024,CE,187.50,16.00,16.00,16.00,16.00,16.00,15.35,1.00,10.99,0.86,91800.00,-,202.70
ABCAPITAL,22-Apr-2024,25-Apr-2024,CE,190.00,11.60,14.10,11.60,13.15,13.20,13.15,15.00,164.35,10.45,583200.00,-16200.00,202.70
ABCAPITAL,22-Apr-2024,25-Apr-2024,CE,192.50,-,-,-,8.15,8.15,10.60,-,-,-,205200.00,-,202.70
ABCAPITAL,22-Apr-2024,25-Apr-2024,CE,195.00,8.00,9.10,7.50,8.70,8.70,8.70,14.00,153.61,6.19,464400.00,-16200.00,202.70
ABCAPITAL,22-Apr-2024,25-Apr-2024,CE,197.50,6.95,6.95,6.95,6.95,6.95,6.35,2.00,22.08,0.75,97200.00,-10800.00,202.70
ABCAPITAL,22-Apr-2024,25-Apr-2024,CE,200.00,4.90,6.05,3.95,4.60,4.60,4.60,454.00,5021.80,118.60,1738800.00,-318600.00,202.70
ABCAPITAL,22-Apr-2024,25-Apr-2024,CE,202.50,3.90,4.35,2.90,3.20,3.15,3.20,109.00,1212.03,20.11,297000.00,-102600.00,202.70
ABCAPITAL,22-Apr-2024,25-Apr-2024,CE,205.00,2.90,3.20,1.95,2.25,2.25,2.25,791.00,8860.11,103.74,2559600.00,226800.00,202.70
ABCAPITAL,22-Apr-2024,25-Apr-2024,CE,207.50,1.90,2.20,1.45,1.55,1.65,1.55,90.00,1016.83,8.38,885600.00,-59400.00,202.70
ABCAPITAL,22-Apr-2024,25-Apr-2024,CE,210.00,1.35,1.70,1.10,1.15,1.15,1.15,872.00,9950.16,61.68,7317000.00,-610200.00,202.70
ABCAPITAL,22-Apr-2024,25-Apr-2024,CE,212.50,1.10,1.15,0.70,0.80,0.75,0.80,98.00,1129.03,4.48,442800.00,-189000.00,202.70
ABCAPITAL,22-Apr-2024,25-Apr-2024,CE,215.00,0.85,0.85,0.45,0.50,0.45,0.50,401.00,4668.80,13.19,2262600.00,70200.00,202.70
ABCAPITAL,22-Apr-2024,25-Apr-2024,CE,217.50,0.55,0.55,0.35,0.35,0.35,0.35,25.00,294.16,0.53,318600.00,32400.00,202.70
ABCAPITAL,22-Apr-2024,25-Apr-2024,CE,220.00,0.40,0.45,0.20,0.25,0.25,0.25,429.00,5103.91,7.39,3040200.00,-529200.00,202.70
ABCAPITAL,22-Apr-2024,25-Apr-2024,CE,222.50,0.25,0.25,0.15,0.15,0.15,0.15,22.00,264.58,0.25,91800.00,-5400.00,202.70
ABCAPITAL,22-Apr-2024,25-Apr-2024,CE,225.00,0.25,0.25,0.10,0.15,0.15,0.15,247.00,3003.12,2.07,1031400.00,-340200.00,202.70
ABCAPITAL,22-Apr-2024,25-Apr-2024,CE,227.50,0.20,0.20,0.05,0.10,0.10,-,33.00,405.59,0.18,729000.00,-16200.00,202.70
ABCAPITAL,22-Apr-2024,25-Apr-2024,CE,230.00,0.10,0.20,0.05,0.05,0.05,0.05,387.00,4808.28,1.74,2127600.00,-577800.00,202.70
ABCAPITAL,23-Apr-2024,25-Apr-2024,CE,145.00,-,-,-,61.00,61.00,71.95,-,-,-,-,-,216.85
ABCAPITAL,23-Apr-2024,25-Apr-2024,CE,150.00,-,-,-,54.60,54.60,66.95,-,-,-,-,-,216.85
ABCAPITAL,23-Apr-2024,25-Apr-2024,CE,155.00,-,-,-,19.75,-,61.95,-,-,-,-,-,216.85
ABCAPITAL,23-Apr-2024,25-Apr-2024,CE,160.00,-,-,-,50.00,50.00,56.95,-,-,-,5400.00,-,216.85
ABCAPITAL,23-Apr-2024,25-Apr-2024,CE,162.50,-,-,-,21.00,21.00,54.45,-,-,-,5400.00,-,216.85
ABCAPITAL,23-Apr-2024,25-Apr-2024,CE,165.00,-,-,-,34.80,34.80,51.95,-,-,-,21600.00,-,216.85
ABCAPITAL,23-Apr-2024,25-Apr-2024,CE,167.50,-,-,-,22.55,22.55,49.45,-,-,-,5400.00,-,216.85
ABCAPITAL,23-Apr-2024,25-Apr-2024,CE,170.00,34.25,50.50,34.25,46.75,46.70,46.75,4.00,46.35,9.63,194400.00,-16200.00,216.85
ABCAPITAL,23-Apr-2024,25-Apr-2024,CE,172.50,-,-,-,18.90,18.90,44.45,-,-,-,37800.00,-,216.85
ABCAPITAL,23-Apr-2024,25-Apr-2024,CE,175.00,-,-,-,29.25,29.25,41.95,-,-,-,297000.00,-,216.85
ABCAPITAL,23-Apr-2024,25-Apr-2024,CE,177.50,-,-,-,29.25,29.25,39.45,-,-,-,64800.00,-,216.85
ABCAPITAL,23-Apr-2024,25-Apr-2024,CE,180.00,22.30,36.30,22.30,36.30,36.30,36.95,8.00,90.55,12.79,961200.00,-32400.00,216.85
ABCAPITAL,23-Apr-2024,25-Apr-2024,CE,182.50,36.30,36.30,36.25,36.25,36.25,34.45,2.00,23.63,3.92,97200.00,-10800.00,216.85
ABCAPITAL,23-Apr-2024,25-Apr-2024,CE,185.00,25.25,32.35,25.10,31.70,31.70,31.70,13.00,151.15,21.28,567000.00,-70200.00,216.85
ABCAPITAL,23-Apr-2024,25-Apr-2024,CE,187.50,17.40,17.40,17.40,17.40,17.40,29.45,1.00,11.06,0.94,91800.00,-,216.85
ABCAPITAL,23-Apr-2024,25-Apr-2024,CE,190.00,15.00,29.45,12.70,26.40,26.00,26.40,43.00,488.27,47.09,475200.00,-108000.00,216.85
ABCAPITAL,23-Apr-2024,25-Apr-2024,CE,192.50,-,-,-,8.15,8.15,24.45,-,-,-,205200.00,-,216.85
ABCAPITAL,23-Apr-2024,25-Apr-2024,CE,195.00,8.50,23.80,7.75,22.10,22.10,21.95,38.00,430.98,30.84,415800.00,-48600.00,216.85
ABCAPITAL,23-Apr-2024,25-Apr-2024,CE,197.50,6.50,21.00,5.50,21.00,21.00,19.45,13.00,146.12,7.47,86400.00,-10800.00,216.85
ABCAPITAL,23-Apr-2024,25-Apr-2024,CE,200.00,4.70,19.60,3.55,16.50,15.95,16.50,681.00,7722.00,367.20,1134000.00,-604800.00,216.85
ABCAPITAL,23-Apr-2024,25-Apr-2024,CE,202.50,3.40,17.00,2.50,14.60,14.20,14.60,154.00,1743.43,59.44,108000.00,-189000.00,216.85
ABCAPITAL,23-Apr-2024,25-Apr-2024,CE,205.00,2.20,15.00,1.45,11.80,11.10,11.80,1719.00,19546.63,517.30,685800.00,-1873800.00,216.85
ABCAPITAL,23-Apr-2024,25-Apr-2024,CE,207.50,1.50,12.80,0.90,9.60,8.95,9.60,733.00,8412.80,199.54,248400.00,-637200.00,216.85
ABCAPITAL,23-Apr-2024,25-Apr-2024,CE,210.00,1.15,10.70,0.60,7.30,7.20,7.30,6128.00,70955.71,1464.19,1733400.00,-5583600.00,216.85
ABCAPITAL,23-Apr-2024,25-Apr-2024,CE,212.50,0.85,8.70,0.40,5.70,5.10,5.70,1188.00,13890.33,258.03,237600.00,-205200.00,216.85
ABCAPITAL,23-Apr-2024,25-Apr-2024,CE,215.00,0.35,7.00,0.25,4.00,3.45,4.00,6131.00,72294.72,1113.81,1436400.00,-826200.00,216.85
ABCAPITAL,23-Apr-2024,25-Apr-2024,CE,217.50,0.30,5.35,0.20,3.05,2.50,3.05,1518.00,18086.20,257.29,529200.00,210600.00,216.85
ABCAPITAL,23-Apr-2024,25-Apr-2024,CE,220.00,0.20,4.30,0.10,2.20,1.90,2.20,8251.00,99145.88,1124.00,4347000.00,1306800.00,216.85
ABCAPITAL,23-Apr-2024,25-Apr-2024,CE,222.50,0.20,3.40,0.05,1.55,1.30,1.55,731.00,8868.60,85.63,437400.00,345600.00,216.85
ABCAPITAL,23-Apr-2024,25-Apr-2024,CE,225.00,0.10,2.60,0.05,1.00,0.90,1.00,3402.00,41575.26,240.96,2160000.00,1128600.00,216.85
ABCAPITAL,23-Apr-2024,25-Apr-2024,CE,227.50,0.10,1.80,0.05,0.70,0.70,0.70,284.00,3502.45,13.51,464400.00,-264600.00,216.85
ABCAPITAL,23-Apr-2024,25-Apr-2024,CE,230.00,0.05,1.45,0.05,0.50,0.45,0.50,3024.00,37668.84,110.76,2413800.00,286200.00,216.85
ABCAPITAL,23-Apr-2024,25-Apr-2024,CE,232.50,0.95,0.95,0.35,0.35,0.35,0.35,18.00,226.71,0.72,48600.00,48600.00,216.85
ABCAPITAL,23-Apr-2024,25-Apr-2024,CE,235.00,0.50,0.75,0.25,0.30,0.25,0.30,61.00,775.80,1.71,140400.00,140400.00,216.85
ABCAPITAL,23-Apr-2024,25-Apr-2024,CE,237.50,-,-,-,0.50,-,-,-,-,-,-,-,216.85
ABCAPITAL,23-Apr-2024,25-Apr-2024,CE,240.00,0.20,0.40,0.10,0.20,0.20,0.20,242.00,3139.91,3.59,221400.00,221400.00,216.85
ABCAPITAL,23-Apr-2024,25-Apr-2024,CE,242.50,-,-,-,0.30,-,-,-,-,-,-,-,216.85
ABCAPITAL,24-Apr-2024,25-Apr-2024,CE,145.00,-,-,-,61.00,61.00,71.35,-,-,-,-,-,216.30
ABCAPITAL,24-Apr-2024,25-Apr-2024,CE,150.00,-,-,-,54.60,54.60,66.35,-,-,-,-,-,216.30
ABCAPITAL,24-Apr-2024,25-Apr-2024,CE,155.00,-,-,-,19.75,-,61.35,-,-,-,-,-,216.30
ABCAPITAL,24-Apr-2024,25-Apr-2024,CE,160.00,-,-,-,50.00,50.00,56.35,-,-,-,5400.00,-,216.30
ABCAPITAL,24-Apr-2024,25-Apr-2024,CE,162.50,-,-,-,21.00,21.00,53.85,-,-,-,5400.00,-,216.30
ABCAPITAL,24-Apr-2024,25-Apr-2024,CE,165.00,-,-,-,34.80,34.80,51.35,-,-,-,21600.00,-,216.30
ABCAPITAL,24-Apr-2024,25-Apr-2024,CE,167.50,-,-,-,22.55,22.55,48.85,-,-,-,5400.00,-,216.30
ABCAPITAL,24-Apr-2024,25-Apr-2024,CE,170.00,51.50,51.50,51.50,51.50,51.50,46.35,4.00,47.84,11.12,172800.00,-21600.00,216.30
ABCAPITAL,24-Apr-2024,25-Apr-2024,CE,172.50,-,-,-,18.90,18.90,43.85,-,-,-,37800.00,-,216.30
ABCAPITAL,24-Apr-2024,25-Apr-2024,CE,175.00,44.65,47.00,42.70,47.00,47.00,41.35,6.00,71.57,14.87,264600.00,-32400.00,216.30
ABCAPITAL,24-Apr-2024,25-Apr-2024,CE,177.50,-,-,-,29.25,29.25,38.85,-,-,-,64800.00,-,216.30
ABCAPITAL,24-Apr-2024,25-Apr-2024,CE,180.00,40.60,41.50,36.50,36.50,36.50,36.50,17.00,201.87,36.63,896400.00,-64800.00,216.30
ABCAPITAL,24-Apr-2024,25-Apr-2024,CE,182.50,-,-,-,36.25,36.25,33.85,-,-,-,97200.00,-,216.30
ABCAPITAL,24-Apr-2024,25-Apr-2024,CE,185.00,33.00,38.40,32.00,32.00,32.00,31.35,12.00,142.95,23.07,523800.00,-43200.00,216.30
ABCAPITAL,24-Apr-2024,25-Apr-2024,CE,187.50,-,-,-,17.40,17.40,28.85,-,-,-,91800.00,-,216.30
ABCAPITAL,24-Apr-2024,25-Apr-2024,CE,190.00,30.00,34.85,27.00,27.00,27.00,26.35,17.00,202.55,28.13,410400.00,-64800.00,216.30
ABCAPITAL,24-Apr-2024,25-Apr-2024,CE,192.50,-,-,-,8.15,8.15,23.85,-,-,-,205200.00,-,216.30
ABCAPITAL,24-Apr-2024,25-Apr-2024,CE,195.00,24.00,30.60,22.75,22.75,22.75,22.75,13.00,154.99,18.10,367200.00,-48600.00,216.30
ABCAPITAL,24-Apr-2024,25-Apr-2024,CE,197.50,22.50,22.50,20.00,20.00,20.00,18.85,3.00,35.37,3.38,86400.00,-,216.30
ABCAPITAL,24-Apr-2024,25-Apr-2024,CE,200.00,18.00,25.50,16.60,16.80,16.80,16.80,67.00,798.37,74.77,955800.00,-178200.00,216.30
ABCAPITAL,24-Apr-2024,25-Apr-2024,CE,202.50,17.50,20.00,16.30,16.80,16.80,13.85,11.00,131.06,10.78,75600.00,-32400.00,216.30
ABCAPITAL,24-Apr-2024,25-Apr-2024,CE,205.00,12.35,18.80,11.85,12.15,12.05,12.15,54.00,639.72,41.94,502200.00,-183600.00,216.30
ABCAPITAL,24-Apr-2024,25-Apr-2024,CE,207.50,11.90,18.15,11.40,11.50,11.50,8.90,15.00,179.63,11.55,216000.00,-32400.00,216.30
ABCAPITAL,24-Apr-2024,25-Apr-2024,CE,210.00,9.00,15.85,7.00,7.25,7.20,7.25,468.00,5573.70,266.58,1080000.00,-653400.00,216.30
ABCAPITAL,24-Apr-2024,25-Apr-2024,CE,212.50,6.45,12.25,4.85,4.95,4.85,4.95,55.00,655.06,23.93,172800.00,-64800.00,216.30
ABCAPITAL,24-Apr-2024,25-Apr-2024,CE,215.00,4.35,10.95,2.50,2.90,2.75,2.90,962.00,11488.83,320.01,583200.00,-853200.00,216.30
ABCAPITAL,24-Apr-2024,25-Apr-2024,CE,217.50,3.15,8.75,1.65,1.90,1.95,1.90,502.00,6003.89,107.90,329400.00,-199800.00,216.30
ABCAPITAL,24-Apr-2024,25-Apr-2024,CE,220.00,2.10,6.80,0.85,1.05,0.90,1.05,3446.00,41516.25,577.77,2246400.00,-2100600.00,216.30
ABCAPITAL,24-Apr-2024,25-Apr-2024,CE,222.50,1.75,4.95,0.45,0.65,0.45,0.65,1062.00,12886.11,126.18,523800.00,86400.00,216.30
ABCAPITAL,24-Apr-2024,25-Apr-2024,CE,225.00,1.15,3.70,0.10,0.40,0.40,0.40,3666.00,44884.17,342.27,2230200.00,70200.00,216.30
ABCAPITAL,24-Apr-2024,25-Apr-2024,CE,227.50,0.65,2.70,0.20,0.30,0.20,0.30,669.00,8262.22,43.56,405000.00,-59400.00,216.30
ABCAPITAL,24-Apr-2024,25-Apr-2024,CE,230.00,0.50,1.80,0.15,0.20,0.20,0.20,2475.00,30841.06,101.56,1992600.00,-421200.00,216.30
ABCAPITAL,24-Apr-2024,25-Apr-2024,CE,232.50,0.40,1.10,0.10,0.10,0.10,0.10,112.00,1409.28,3.12,86400.00,37800.00,216.30
ABCAPITAL,24-Apr-2024,25-Apr-2024,CE,235.00,0.30,0.75,0.05,0.15,0.10,0.15,694.00,8818.43,11.57,426600.00,286200.00,216.30
ABCAPITAL,24-Apr-2024,25-Apr-2024,CE,237.50,0.45,0.50,0.20,0.20,0.20,-,4.00,51.37,0.07,10800.00,10800.00,216.30
ABCAPITAL,24-Apr-2024,25-Apr-2024,CE,240.00,0.20,0.45,0.05,0.10,0.10,0.10,535.00,6940.15,6.55,345600.00,124200.00,216.30
ABCAPITAL,24-Apr-2024,25-Apr-2024,CE,242.50,0.40,0.40,0.10,0.15,0.15,-,17.00,222.82,0.20,16200.00,16200.00,216.30
ABCAPITAL,25-Apr-2024,25-Apr-2024,CE,145.00,-,-,-,61.00,61.00,229.80,-,-,-,-,-,229.80
ABCAPITAL,25-Apr-2024,25-Apr-2024,CE,150.00,-,-,-,54.60,54.60,229.80,-,-,-,-,-,229.80
ABCAPITAL,25-Apr-2024,25-Apr-2024,CE,155.00,-,-,-,19.75,-,229.80,-,-,-,-,-,229.80
ABCAPITAL,25-Apr-2024,25-Apr-2024,CE,160.00,-,-,-,50.00,50.00,229.80,-,-,-,5400.00,-,229.80
ABCAPITAL,25-Apr-2024,25-Apr-2024,CE,162.50,-,-,-,21.00,21.00,229.80,-,-,-,5400.00,-,229.80
ABCAPITAL,25-Apr-2024,25-Apr-2024,CE,165.00,-,-,-,34.80,34.80,229.80,-,-,-,21600.00,-,229.80
ABCAPITAL,25-Apr-2024,25-Apr-2024,CE,167.50,-,-,-,22.55,22.55,229.80,-,-,-,5400.00,-,229.80
ABCAPITAL,25-Apr-2024,25-Apr-2024,CE,170.00,52.60,58.70,51.70,58.70,58.70,229.80,11.00,134.19,33.21,140400.00,-32400.00,229.80
ABCAPITAL,25-Apr-2024,25-Apr-2024,CE,172.50,-,-,-,18.90,18.90,229.80,-,-,-,37800.00,-,229.80
ABCAPITAL,25-Apr-2024,25-Apr-2024,CE,175.00,46.45,52.05,46.40,51.80,51.80,229.80,8.00,97.44,21.84,243000.00,-21600.00,229.80
ABCAPITAL,25-Apr-2024,25-Apr-2024,CE,177.50,49.55,51.25,49.30,51.25,51.25,229.80,8.00,98.21,21.53,48600.00,-16200.00,229.80
ABCAPITAL,25-Apr-2024,25-Apr-2024,CE,180.00,38.80,50.60,38.80,48.55,48.55,229.80,36.00,442.62,92.70,723600.00,-172800.00,229.80
ABCAPITAL,25-Apr-2024,25-Apr-2024,CE,182.50,47.15,47.15,47.15,47.15,47.15,229.80,4.00,49.60,10.18,118800.00,21600.00,229.80
ABCAPITAL,25-Apr-2024,25-Apr-2024,CE,185.00,44.50,45.50,44.50,45.15,44.80,229.80,3.00,37.25,7.28,518400.00,-5400.00,229.80
ABCAPITAL,25-Apr-2024,25-Apr-2024,CE,187.50,41.40,41.40,41.40,41.40,41.40,229.80,1.00,12.36,2.24,91800.00,-,229.80
ABCAPITAL,25-Apr-2024,25-Apr-2024,CE,190.00,32.00,40.55,31.90,40.30,40.55,229.80,20.00,243.86,38.66,367200.00,-43200.00,229.80
ABCAPITAL,25-Apr-2024,25-Apr-2024,CE,192.50,-,-,-,8.15,8.15,229.80,-,-,-,205200.00,-,229.80
ABCAPITAL,25-Apr-2024,25-Apr-2024,CE,195.00,27.10,35.45,27.10,35.25,35.35,229.80,18.00,221.81,32.27,329400.00,-37800.00,229.80
ABCAPITAL,25-Apr-2024,25-Apr-2024,CE,197.50,-,-,-,20.00,20.00,229.80,-,-,-,86400.00,-,229.80
ABCAPITAL,25-Apr-2024,25-Apr-2024,CE,200.00,17.60,30.65,17.60,29.70,29.85,229.80,79.00,970.00,116.80,723600.00,-232200.00,229.80
ABCAPITAL,25-Apr-2024,25-Apr-2024,CE,202.50,23.30,28.00,23.30,28.00,28.00,229.80,11.00,135.59,15.30,32400.00,-43200.00,229.80
ABCAPITAL,25-Apr-2024,25-Apr-2024,CE,205.00,12.65,25.50,12.65,24.35,24.70,229.80,44.00,537.31,50.23,383400.00,-118800.00,229.80
ABCAPITAL,25-Apr-2024,25-Apr-2024,CE,207.50,10.90,21.20,10.90,21.20,21.20,229.80,16.00,193.01,13.73,189000.00,-27000.00,229.80
ABCAPITAL,25-Apr-2024,25-Apr-2024,CE,210.00,7.75,20.20,7.35,19.40,20.20,229.80,153.00,1858.90,123.88,729000.00,-351000.00,229.80
ABCAPITAL,25-Apr-2024,25-Apr-2024,CE,212.50,10.00,18.00,9.35,18.00,18.00,229.80,9.00,109.71,6.44,129600.00,-43200.00,229.80
ABCAPITAL,25-Apr-2024,25-Apr-2024,CE,215.00,3.10,15.35,2.65,15.00,15.00,229.80,137.00,1664.00,73.43,237600.00,-345600.00,229.80
ABCAPITAL,25-Apr-2024,25-Apr-2024,CE,217.50,1.75,12.95,1.75,9.95,9.95,229.80,90.00,1088.27,31.22,91800.00,-237600.00,229.80
ABCAPITAL,25-Apr-2024,25-Apr-2024,CE,220.00,0.90,10.30,0.85,9.85,9.55,229.80,1145.00,13905.63,303.03,194400.00,-2052000.00,229.80
ABCAPITAL,25-Apr-2024,25-Apr-2024,CE,222.50,0.40,7.90,0.40,7.55,7.55,229.80,286.00,3502.07,65.78,64800.00,-459000.00,229.80
ABCAPITAL,25-Apr-2024,25-Apr-2024,CE,225.00,0.30,5.85,0.30,4.85,4.70,229.80,1568.00,19287.06,235.86,264600.00,-1965600.00,229.80
ABCAPITAL,25-Apr-2024,25-Apr-2024,CE,227.50,0.25,3.45,0.25,2.30,2.45,229.80,270.00,3338.33,21.38,54000.00,-351000.00,229.80
ABCAPITAL,25-Apr-2024,25-Apr-2024,CE,230.00,0.15,1.95,0.05,0.30,0.10,229.80,1820.00,22680.02,75.62,91800.00,-1900800.00,229.80
ABCAPITAL,25-Apr-2024,25-Apr-2024,CE,232.50,0.10,0.80,0.05,0.05,0.05,229.80,163.00,2049.52,3.06,91800.00,5400.00,229.80
ABCAPITAL,25-Apr-2024,25-Apr-2024,CE,235.00,0.10,0.50,0.05,0.05,0.05,229.80,496.00,6300.38,6.14,183600.00,-243000.00,229.80
ABCAPITAL,25-Apr-2024,25-Apr-2024,CE,237.50,0.05,0.25,0.05,0.05,0.05,229.80,11.00,141.14,0.07,16200.00,5400.00,229.80
ABCAPITAL,25-Apr-2024,25-Apr-2024,CE,240.00,0.05,0.15,0.05,0.05,0.05,229.80,142.00,1840.91,0.59,248400.00,-97200.00,229.80
ABCAPITAL,25-Apr-2024,25-Apr-2024,CE,242.50,0.05,0.10,0.05,0.05,0.05,229.80,6.00,78.59,0.02,27000.00,10800.00,229.80
ABCAPITAL,25-Apr-2024,25-Apr-2024,CE,245.00,-,-,-,1.45,-,229.80,-,-,-,-,-,229.80
ABCAPITAL,25-Apr-2024,25-Apr-2024,CE,247.50,-,-,-,0.20,-,229.80,-,-,-,-,-,229.80
ABCAPITAL,25-Apr-2024,25-Apr-2024,CE,250.00,-,-,-,0.25,-,229.80,-,-,-,-,-,229.80
ABCAPITAL,25-Apr-2024,25-Apr-2024,CE,252.50,-,-,-,0.10,-,229.80,-,-,-,-,-,229.80
ABCAPITAL,25-Apr-2024,25-Apr-2024,CE,255.00,0.70,0.70,0.70,0.70,0.70,229.80,5.00,69.04,0.19,27000.00,27000.00,229.80
ABCAPITAL,25-Apr-2024,25-Apr-2024,CE,257.50,-,-,-,0.15,-,229.80,-,-,-,-,-,229.80